char,hanviet,pinyin
上,['thướng'],shang3
上,['thượng'],shang4
丌,['cơ'],ji1
丌,['kỳ'],qi2
中,['trung'],zhong1
中,['trúng'],zhong4
丼,['đảm'],dong4
丼,['tỉnh'],jing3
乀,"['phật', 'phất']",fu2
乀,[],pie3
乇,['thác'],tuo1
乇,['trách'],zhe2
乘,['thừa'],cheng2
乘,['thặng'],sheng4
乜,['khiết'],nie4
乜,['mị'],mie1
乹,"['càn', 'kiền']",qian2
乹,['can'],gan1
乾,"['càn', 'kiền']",qian2
乾,['can'],gan1
了,['liễu'],le5
了,['liễu'],liao3
予,['dư'],yu2
予,['dữ'],yu3
亟,['gấp'],ji2
亟,['khí'],qi4
亹,"['mên', 'môn']",men2
亹,"['vỉ', 'vĩ']",wei3
什,['thậm'],shen2
什,['thập'],shi2
仇,['cừu'],qiu2
仇,['thù'],chou2
仔,['tể'],zai3
仔,['tử'],zi1
仔,['tử'],zi3
令,['lệnh'],ling2
令,['lệnh'],ling3
令,['lệnh'],ling4
任,['nhâm'],ren2
任,['nhiệm'],ren4
伝,['truyền'],chuan2
伝,[],yun2
伯,['bá'],ba4
伯,['bách'],bai3
伯,['bá'],bo2
伺,"['tứ', 'tí']",ci4
伺,"['tứ', 'tí']",si4
似,"['tự', 'tựa']",shi4
似,"['tự', 'tựa']",si4
佚,['dật'],yi4
佚,['điệt'],die2
作,['tác'],zuo1
作,['tác'],zuo4
侗,['động'],dong4
侗,"['đồng', 'thống', 'thông']",tong2
供,['cung'],gong1
供,['cúng'],gong4
俛,['miễn'],mian3
俛,['phủ'],fu3
俞,"['du', 'dũ']",yu2
俞,[],shu4
倒,['đảo'],dao3
倒,['đáo'],dao4
倞,['kính'],jing4
倞,['lượng'],liang4
假,[],gei1
假,['giả'],jia3
假,['giá'],jia4
偈,['kệ'],ji4
偈,['khế'],jie2
傀,['khôi'],gui1
傀,['quỷ'],kui3
傳,['truyền'],chuan2
傳,['truyện'],zhuan4
僂,['lâu'],lou2
僂,['lũ'],lu:3
僮,['tráng'],zhuang4
僮,['đồng'],tong2
價,['giá'],jia4
價,['giới'],jie5
免,['miễn'],mian3
免,['vấn'],wen4
兒,['nhi'],er2
兒,['nhi'],r5
冠,['quán'],guan4
冠,['quan'],guan1
分,['phân'],fen1
分,"['phận', 'phần']",fen4
切,"['tiếp', 'thiết']",qie1
切,['thiết'],qie4
刱,"['thương', 'sang']",chuang1
刱,['sáng'],chuang4
刷,"['xoát', 'loát']",shua1
刷,"['xoát', 'loát']",shua4
刺,"['thích', 'thứ']",ci1
刺,"['thích', 'thứ']",ci4
削,['tước'],xiao1
削,['tước'],xue1
剎,['sát'],cha4
剎,['sa'],sha1
剝,['bác'],bao1
剝,['bác'],bo1
創,"['thương', 'sang']",chuang1
創,['sáng'],chuang4
劄,"['trát', 'tráp']",zha1
劄,"['trát', 'tráp']",zha2
勁,"['kình', 'cứng', 'kính']",jin4
勁,"['kình', 'cứng', 'kính']",jing4
勾,['câu'],gou1
勾,"['cấu', 'câu']",gou4
化,['hoa'],hua1
化,['hoá'],hua4
匹,"['thất', 'thớt']",pi1
匹,"['thất', 'thớt']",pi3
區,['âu'],ou1
區,['khu'],qu1
卒,['thốt'],cu4
卒,"['tốt', 'tuất']",zu2
卝,['quán'],guan4
卝,['khoáng'],kuang4
占,['chiêm'],zhan1
占,['chiếm'],zhan4
卡,"['ca', 'tạp', 'khải']",ka3
卡,"['tạp', 'khải', 'ca']",qia3
卷,['cuộn'],juan3
卷,"['quyển', 'cuốn']",juan4
厪,"['cận', 'cẩn']",jin3
厪,['cần'],qin2
厶,['mỗ'],mou3
厶,['khư'],si1
厷,['quăng'],gong1
厷,['hoành'],hong2
厹,['cầu'],qiu2
厹,['nhu'],rou2
參,['tam'],san1
參,['tham'],can1
參,['sâm'],cen1
參,['sâm'],shen1
句,['câu'],gou1
句,"['câu', 'cú']",ju4
叨,['đao'],dao1
叨,['thao'],tao1
召,['thiệu'],shao4
召,"['triệu', 'chiêu']",zhao4
可,['khả'],ke3
可,['khắc'],ke4
吁,['hu'],xu1
吁,['dụ'],yu4
吅,['tụng'],song4
吅,['huyên'],xuan1
合,['cáp'],ge3
合,"['hợp', 'hiệp']",he2
吒,['tra'],zha1
吒,['trá'],zha4
否,"['phủ', 'phầu']",fou3
否,"['bĩ', 'bỉ']",pi3
吭,"['hàng', 'hạng']",hang2
吭,['khang'],keng1
吱,['chi'],zhi1
吱,['tư'],zi1
吶,"['nột', 'niệt']",na4
吶,"['nột', 'niệt']",na5
吽,['hồng'],hong1
吽,"['ngâu', 'ngầu', 'ẩu']",hou3
呢,['ni'],ne5
呢,['nỉ'],ni2
呫,['chiếp'],che4
呫,['thiếp'],tie4
呫,['chiếp'],zhan1
呵,['a'],a1
呵,['ha'],he1
咀,"['trớ', 'tứ']",ju3
咀,['chuỷ'],zui3
咋,['trách'],za3
咋,['trách'],ze2
咋,['trá'],zha4
和,['hoà'],he2
和,['hoạ'],he4
和,"['ù', 'hồ']",hu2
和,['hoà'],huo2
和,"['hoà', 'hoạ']",huo4
咥,['điệt'],die2
咥,['hí'],xi4
咧,['liệt'],lie1
咧,['liệt'],lie3
咧,['liệt'],lie5
咯,"['khách', 'cách']",ge1
咯,['lạc'],lo5
咯,"['khạc', 'lạc']",luo4
咱,['ta'],za2
咱,['ta'],zan2
咳,['hài'],hai1
咳,['khái'],ke2
咼,['qua'],guo1
咼,"['quai', 'oai']",wai1
咽,['yết'],yan1
咽,['yến'],yan4
咽,['ế'],ye4
哈,"['ha', 'hà']",ha1
哈,"['ha', 'hà']",ha3
哩,['lý'],li3
哩,['ly'],li5
哪,"['nả', 'na']",na3
哪,['na'],na5
哪,['na'],ne2
哪,"['nả', 'na']",nei3
唄,['bái'],bai4
唄,['bối'],bei5
唫,['ngâm'],yin2
唫,"['ngậm', 'cấm']",jin4
唯,['duy'],wei2
唯,['duỵ'],wei3
啁,"['triêu', 'trào', 'trù', 'chù', 'chu']",zhao1
啁,"['triêu', 'trào', 'trù', 'chù', 'chu']",zhou1
啊,['a'],a1
啊,['a'],a2
啊,['a'],a3
啊,['a'],a4
啊,['a'],a5
啞,['nha'],ya1
啞,"['á', 'ách']",ya3
喂,"['uy', 'ê', 'ơi']",wei2
喂,['uý'],wei4
喏,['nặc'],nuo4
喏,['nhạ'],re3
喔,"['ô', 'ốc']",o1
喔,"['ô', 'ốc']",wo5
喝,['húp'],he1
喝,['hét'],he4
喪,['tang'],sang1
喪,['táng'],sang4
單,"['thiện', 'thiền']",shan4
單,"['đơn', 'đan']",dan1
喲,['ôi'],yo1
喲,['dô'],yo5
嗄,['a'],a2
嗄,"['khàn', 'sá']",sha4
嗆,"['sặc', 'sang']",qiang1
嗆,"['sặc', 'sang']",qiang4
嗌,"['ách', 'ải']",ai4
嗌,"['ách', 'ải']",yi4
嗎,['ma'],ma2
嗎,['ma'],ma3
嗎,['ma'],ma5
嗒,['đáp'],da1
嗒,"['thẫn', 'tháp']",ta4
嘬,['toát'],chuai4
嘬,['toát'],zuo1
嘮,['lao'],lao2
嘮,['lao'],lao4
嘸,['phủ'],fu3
嘸,['mô'],m2
嘽,['xiển'],chan3
嘽,['than'],tan1
噦,['hối'],hui4
噦,"['oẹ', 'uế', 'uyết']",yue3
噯,['ải'],ai3
噯,['ái'],ai4
噲,['khoái'],kuai4
噲,['hồi'],wei4
噴,['phun'],pen1
噴,['phún'],pen4
嚄,['hoát'],huo4
嚄,['ô'],o3
囝,"['kiển', 'cưỡng', 'tể', 'nga', 'niên', 'niếp']",jian3
囝,['nam'],nan1
囤,['độn'],dun4
囤,"['tồn', 'đồn']",tun2
囪,['song'],chuang1
囪,['thông'],cong1
圈,['khuyên'],juan1
圈,['quyển'],juan4
圈,['khuyên'],quan1
圜,['hoàn'],huan2
圜,['viên'],yuan2
圣,['khốt'],ku1
圣,['thánh'],sheng4
坊,"['phường', 'phòng']",fang1
坊,"['phường', 'phòng']",fang2
坻,['trì'],chi2
坻,['để'],di3
埄,['bổng'],beng3
埄,['phong'],feng1
埋,['mai'],mai2
埋,['man'],man2
埏,['thiên'],shan1
埏,"['duyên', 'diên']",yan2
埔,['bộ'],bu4
埔,['phố'],pu3
場,"['tràng', 'trường']",chang2
場,['trường'],chang3
塞,['tắc'],sai1
塞,['tái'],sai4
塞,['tắc'],se4
塲,"['tràng', 'trường']",chang2
塲,['trường'],chang3
壓,['áp'],ya1
壓,['áp'],ya4
大,['đại'],da4
大,['đại'],dai4
夫,['phu'],fu1
夫,['phù'],fu2
夯,['bổn'],ben4
夯,"['hãng', 'kháng']",hang1
奄,['yểm'],yan3
奄,['yêm'],yan1
奇,['cơ'],ji1
奇,['kỳ'],qi2
奓,['xỉ'],chi3
奓,['xa'],she1
奓,['tra'],zha4
奔,['bôn'],ben1
奔,['bôn'],ben4
奘,['trang'],zang4
奘,['trang'],zhuang3
女,['nữ'],nu:3
女,['nhữ'],ru3
好,['hảo'],hao3
好,['hiếu'],hao4
妳,['nhĩ'],ni3
妳,"['nãi', 'nễ']",nai3
妻,['thê'],qi1
妻,['thế'],qi4
委,['uỷ'],wei3
委,['uy'],wei1
姥,['lão'],lao3
姥,"['mỗ', 'mụ']",mu3
娜,['na'],na4
娜,['na'],nuo2
娩,['miễn'],mian3
娩,['vãn'],wan3
媛,['viên'],yuan2
媛,['viện'],yuan4
媠,['noạ'],duo4
媠,['đoạ'],tuo2
嬛,['hoàn'],huan2
嬛,['quỳnh'],qiong2
嬛,['huyên'],xuan1
子,"['tử', 'tý']",zi3
子,['tử'],zi5
宊,['gia'],jia1
宊,['đột'],tu2
宿,['túc'],su4
宿,['tú'],xiu3
宿,['tú'],xiu4
寧,['ninh'],ning2
寧,['ninh'],ning4
將,['tương'],jiang1
將,['tướng'],jiang4
將,['thương'],qiang1
少,['thiểu'],shao3
少,['thiếu'],shao4
尨,['bàng'],pang2
尨,['mang'],mang2
尺,"['xích', 'chỉ']",che3
尺,"['thước', 'xích']",chi3
尿,['niệu'],niao4
尿,['tuy'],sui1
居,['cư'],ju1
居,['cớ'],ji1
屏,"['bình', 'bính']",bing1
屏,"['bình', 'bính']",bing3
屏,"['bình', 'bính']",ping2
屬,['thuộc'],shu3
屬,"['chúc', 'chú']",zhu3
屯,['đồn'],tun2
屯,['truân'],zhun1
峒,['động'],dong4
峒,['đồng'],tong2
崒,['tuỵ'],cui4
崒,['tốt'],zu2
嵌,['khảm'],kan3
嵌,['khảm'],qian4
嶄,['sàm'],chan2
嶄,['tiệm'],zhan3
巂,['huề'],gui1
巂,['tây'],xi1
差,['sai'],cha1
差,['sai'],cha4
差,['sai'],chai1
差,['si'],ci1
帖,['thiếp'],tie1
帖,"['thiệp', 'thiếp']",tie3
帖,['thiếp'],tie4
帹,['thiếp'],qie4
帹,['sáp'],sha4
幢,['tràng'],chuang2
幢,['tràng'],zhuang4
幬,['trù'],chou2
幬,['đào'],dao4
幾,"['cơ', 'ky']",ji1
幾,['kỷ'],ji3
度,['độ'],du4
度,['đạc'],duo2
廁,['xí'],ce4
廁,['xí'],si4
廑,['cận'],jin3
廑,['cần'],qin2
廡,['vu'],wu2
廡,['vũ'],wu3
弟,['đệ'],di4
弟,['đễ'],ti4
強,['cường'],qiang2
強,['cường'],jiang4
強,['cưỡng'],qiang3
彈,['đạn'],dan4
彈,['đàn'],tan2
彊,['cường'],jiang4
彊,['cường'],qiang2
彊,['cưỡng'],qiang3
彷,['phảng'],fang3
彷,['bàng'],pang2
徵,"['trưng', 'chứng']",zheng1
徵,['chuỷ'],zhi3
徼,['kiêu'],jiao3
徼,['kiếu'],jiao4
忕,['thệ'],shi4
忕,['thái'],tai4
怫,['phí'],fei4
怫,['phật'],fu2
恁,['nhẫm'],nen4
恁,['nâm'],nin2
悁,['quyên'],juan1
悁,['quyến'],juan4
悄,['tiễu'],qiao1
悄,['thiểu'],qiao3
悝,['khôi'],kui1
悝,['lý'],li3
悶,['muộn'],men1
悶,['muộn'],men4
惏,['lam'],lan2
惏,['lâm'],lin2
惡,['ác'],e3
惡,['ác'],e4
惡,['ố'],wu4
慊,['khiểm'],qian4
慊,"['khiết', 'khiếp']",qie4
應,['ưng'],ying1
應,['ứng'],ying4
懟,['dỗi'],dui3
懟,['dỗi'],dui4
戇,['cống'],gang4
戇,['tráng'],zhuang4
扁,['thiên'],pian1
扁,['biển'],bian3
扇,['thiên'],shan1
扇,['phiến'],shan4
扒,"['bái', 'bóc']",ba1
扒,['bát'],pa2
打,['tá'],da2
打,['đả'],da3
扛,['khiêng'],gang1
扛,['gánh'],kang2
扢,['cột'],gu3
扢,['hất'],xi4
扳,"['ban', 'bản']",ban1
扳,['phan'],pan1
把,['bả'],ba3
把,['bả'],ba4
折,['chiết'],she2
折,['chiết'],zhe1
折,['chiết'],zhe2
拂,['bật'],bi4
拂,"['phất', 'phật']",fu2
拓,['thác'],tuo4
拓,['tháp'],ta4
拗,['áo'],ao4
拗,['nữu'],niu4
拚,"['phấn', 'biện']",pan4
拚,"['phiên', 'bính']",pin1
拾,['thiệp'],she4
拾,['thập'],shi2
挑,"['khiêu', 'thao', 'thêu']",tiao1
挑,['khiêu'],tiao3
挨,['ai'],ai1
挨,['ai'],ai2
挾,['giáp'],jia1
挾,['hiệp'],xie2
捋,"['loát', 'vuốt', 'tuốt']",lu:3
捋,"['loát', 'vuốt', 'tuốt']",luo1
捭,['bãi'],bai3
捭,['phách'],bo4
据,['cư'],ju1
据,['cứ'],ju4
掃,['tảo'],sao3
掃,['táo'],sao4
掊,"['bồi', 'bốc']",pou2
掊,['phẩu'],pou3
掙,['tranh'],zheng1
掙,['tranh'],zheng4
掱,['vát'],pa2
掱,['thủ'],shou3
提,['đề'],di1
提,['đề'],ti2
揣,"['suy', 'suỷ']",chuai1
揣,"['suy', 'suỷ']",chuai3
搵,['uẩn'],wen3
搵,"['uấn', 'ấn', 'vấn']",wen4
搶,['thương'],qiang1
搶,['thưởng'],qiang3
摸,"['mò', 'mạc']",mo1
摸,['mô'],mo2
摻,['sam'],chan1
摻,['sảm'],shan3
摽,['phiêu'],biao1
摽,['phiếu'],biao4
撒,"['tản', 'tát']",sa1
撒,['tản'],sa3
撩,"['liêu', 'liệu']",liao1
撩,"['liêu', 'liệu']",liao2
擂,"['lôi', 'luỵ']",lei2
擂,"['lôi', 'luỵ']",lei4
擋,['đảng'],dang3
擋,['đáng'],dang4
操,"['thao', 'tháo']",cao1
操,['tháo'],cao4
擔,"['đảm', 'đam']",dan1
擔,"['đảm', 'đam']",dan4
擰,['ninh'],ning2
擰,['ninh'],ning3
擰,['ninh'],ning4
擿,['thích'],ti1
擿,['trích'],zhi4
攢,['toàn'],cuan2
攢,['toản'],zan3
教,['giáo'],jiao4
教,"['giao', 'giáo']",jiao1
散,['tản'],san3
散,['tán'],san4
數,['sổ'],shu3
數,['số'],shu4
數,['sác'],shuo4
斂,['liễm'],lian3
斂,['liệm'],lian4
於,['ư'],yu2
於,['ư'],yu1
於,['ô'],wu1
旄,['mao'],mao2
旄,['mạo'],mao4
旋,['hoàn'],xuan2
旋,"['hoàn', 'tuyền']",xuan4
晃,['hoảng'],huang3
晃,['hoàng'],huang4
晟,"['thịnh', 'thạnh']",cheng2
晟,"['thịnh', 'thạnh']",sheng4
暈,['vựng'],yun1
暈,['vựng'],yun4
暋,['mân'],min2
暋,['mẫn'],min3
暠,['cảo'],gao3
暠,['hạo'],hao4
更,"['canh', 'cánh']",geng1
更,"['càng', 'cánh']",geng4
曾,"['tằng', 'tăng']",zeng1
曾,['từng'],ceng2
會,['hội'],hui4
會,['cối'],kuai4
朝,['triều'],chao2
朝,['triêu'],zhao1
朴,['phác'],piao2
朴,['phác'],po4
杈,['xoa'],cha1
杈,['xoa'],cha4
杓,['tiêu'],biao1
杓,['thược'],shao2
杠,['giang'],gang1
杠,['cống'],gang4
杷,['ba'],ba4
杷,['bà'],pa2
杻,['sửu'],chou3
杻,['nữu'],niu3
枸,['câu'],gou1
枸,['cẩu'],gou3
枸,['củ'],ju3
柏,['bách'],bai3
柏,['bá'],bo2
柏,['bá'],bo4
柜,['quỹ'],gui4
柜,"['cử', 'cự']",ju3
校,['hiệu'],jiao4
校,['hiệu'],xiao4
桁,['hàng'],hang2
桁,['hành'],heng2
桄,['quang'],guang1
桄,['quáng'],guang4
桔,"['kết', 'cát']",jie2
桔,['quất'],ju2
椎,"['chuỳ', 'truỳ']",chui2
椎,['chuy'],zhui1
楂,['tra'],cha2
楂,['tra'],zha1
楛,['hộ'],hu4
楛,['khổ'],ku3
楷,['giai'],jie1
楷,['khải'],kai3
榜,['bảng'],bang4
榜,['bảng'],peng4
榜,['bảng'],bang3
樂,['lạc'],le4
樂,['nhạc'],yue4
樘,[],cheng3
樘,['đường'],tang2
橫,['hoành'],heng2
橫,['hoạnh'],heng4
檔,['đáng'],dang3
檔,['đáng'],dang4
欻,[],chua1
欻,['hốt'],xu1
正,['chinh'],zheng1
正,"['chính', 'chánh']",zheng4
歪,"['oai', 'oa']",wai1
歪,"['oai', 'oa']",wai3
殷,['ân'],yin1
殷,['an'],yan1
殷,['ẩn'],yin3
殽,['hào'],xiao2
殽,['hào'],yao2
比,"['tỷ', 'bỉ']",bi3
比,['bi'],bi1
氏,['thị'],shi4
氏,['chi'],zhi1
氐,['đê'],di1
氐,['để'],di3
汗,['hãn'],han2
汗,['hãn'],han4
沈,['thẩm'],shen3
沈,['trầm'],chen2
泊,['bạc'],bo2
泊,['bạc'],po1
泡,"['phao', 'bào']",pao1
泡,"['phao', 'bào']",pao4
泥,['nê'],ni2
泥,"['nệ', 'nễ']",ni4
洇,['yên'],yan1
洇,['nhân'],yin1
浜,['banh'],bang1
浜,['binh'],bin1
涼,['lương'],liang2
涼,['lượng'],liang4
混,"['hỗn', 'hồn']",hun2
混,['hỗn'],hun4
淺,['tiên'],jian1
淺,['thiển'],qian3
渠,['cừ'],qu2
渠,['cự'],ju4
渦,['qua'],guo1
渦,['oa'],wo1
湮,['yên'],yan1
湮,['nhân'],yin1
湯,['thang'],tang1
湯,['sương'],shang1
溜,"['lựu', 'lưu']",liu1
溜,['lựu'],liu4
溺,['nịch'],ni4
溺,['niệu'],niao4
漂,['phiêu'],piao1
漂,['phiếu'],piao3
漂,['phiếu'],piao4
漊,['lâu'],lou2
漊,['lũ'],lu:3
漚,['âu'],ou1
漚,['ủ'],ou4
漸,['tiêm'],jian1
漸,['tiệm'],jian4
潦,['lạo'],lao3
潦,['lao'],liao2
澹,"['đạm', 'đàm']",tan2
澹,['đạm'],dan4
濟,['tể'],ji3
濟,['tế'],ji4
濯,['trạo'],zhao4
濯,['trạc'],zhuo2
瀑,['bạo'],bao4
瀑,['bộc'],pu4
瀧,['sang'],shuang1
瀧,"['lung', 'lang']",long2
灠,['lãm'],lan3
灠,['lạm'],lan4
炅,['quý'],gui4
炅,['quýnh'],jiong3
炔,['quế'],gui4
炔,['khuyết'],que1
炮,['bào'],bao1
炮,['bào'],pao2
炮,['pháo'],pao4
炸,['trác'],zha2
炸,['tạc'],zha4
為,['vi'],wei2
為,"['vị', 'vì']",wei4
煆,"['hà', 'hạ']",xia1
煆,"['hà', 'hạ']",ya1
熨,['uý'],yu4
熨,['uất'],yun4
燕,['yên'],yan1
燕,['yến'],yan4
爲,['vi'],wei2
爲,['vị'],wei4
爿,['tường'],qiang2
爿,['bản'],pan2
牟,"['mưu', 'mâu']",mou2
牟,"['mưu', 'mâu']",mu4
猲,['hạt'],he4
猲,['yết'],xie1
猵,['biên'],bian1
猵,['biên'],pian4
率,['luật'],lu:4
率,"['suất', 'soái', 'suý', 'soát']",shuai4
王,['vương'],wang2
王,['vượng'],wang4
玟,['mân'],min2
玟,['văn'],wen2
瑱,['thiến'],tian4
瑱,"['chấn', 'trấn']",zhen4
甬,['dũng'],yong3
甬,['thùng'],tong3
町,['đinh'],ding1
町,['đinh'],ting3
畜,['súc'],chu4
畜,['húc'],xu4
番,['phan'],pan1
番,['phiên'],fan1
畬,['xa'],she1
畬,['dư'],yu2
當,"['đương', 'đang']",dang1
當,['đáng'],dang4
疋,['thất'],pi3
疋,['sơ'],shu1
疋,['nhã'],ya3
疸,['đáp'],da5
疸,['đản'],dan3
瘥,['sái'],chai4
瘥,['ta'],cuo2
癉,['đan'],dan1
癉,['đản'],dan4
的,['đích'],de5
的,['đích'],di1
的,['đích'],di2
的,['đích'],di4
皻,['cha'],cu3
皻,['tra'],zha1
盛,['thịnh'],sheng4
盛,['thình'],cheng2
監,"['giam', 'giám']",jian1
監,['giám'],jian4
相,['tương'],xiang1
相,['tướng'],xiang4
省,['tỉnh'],sheng3
省,['tỉnh'],xing3
看,['khán'],kan1
看,['khán'],kan4
瞤,['nhuần'],run2
瞤,['thuần'],shun4
瞭,['liễu'],liao3
瞭,['liêu'],liao4
石,['thạch'],shi2
石,['đạn'],dan4
砩,['phế'],fei4
砩,['phất'],fu2
碌,['lựu'],liu4
碌,['lục'],lu4
磑,['cai'],ai2
磑,['ngôi'],wei2
磑,['ngại'],wei4
磨,"['ma', 'mài']",mo2
磨,['má'],mo4
祇,['chỉ'],zhi3
祇,['kỳ'],qi2
祭,['sái'],zhai4
祭,['tế'],ji4
禁,"['cầm', 'câm']",jin1
禁,['cấm'],jin4
禪,['thiền'],chan2
禪,['thiện'],shan4
禺,['ngẫu'],ou3
禺,['ngu'],yu2
禺,['ngụ'],yu4
稍,"['sảo', 'sao']",shao1
稍,"['sảo', 'sao']",shao4
種,['chủng'],zhong3
種,"['trồng', 'chúng']",zhong4
稱,['xứng'],chen4
稱,['xưng'],cheng1
稱,['xứng'],cheng4
稽,['kê'],ji1
稽,['khể'],qi3
空,['không'],kong1
空,['khống'],kong4
窨,['huân'],xun1
窨,['ấm'],yin4
竺,['trúc'],zhu2
竺,['đốc'],du3
筊,['giảo'],jiao3
筊,['giảo'],jiao4
節,['tiết'],jie1
節,['tiết'],jie2
篹,['toán'],suan3
篹,['soạn'],zhuan4
篹,['toản'],zuan3
籠,['lồng'],long2
籠,"['lung', 'lồng']",long3
粥,['dục'],yu4
粥,['chúc'],zhou1
糜,['my'],mi2
糜,['my'],mei2
紀,['kỷ'],ji3
紀,['kỷ'],ji4
約,['yêu'],yao1
約,['ước'],yue1
累,"['luỵ', 'luỹ']",lei3
累,['luỵ'],lei4
結,['kết'],jie1
結,['kết'],jie2
絓,['quái'],gua4
絓,['quai'],kua1
絜,"['khiết', 'kiết']",jie2
絜,['hiệt'],xie2
絻,['miện'],mian3
絻,['vấn'],wen4
綜,['tống'],zeng4
綜,"['tổng', 'tông']",zong1
綴,"['chuyết', 'xuyết']",chuo4
綴,"['chuế', 'xuyết']",zhui4
縕,['uân'],yun1
縕,['uẩn'],yun4
縫,['phùng'],feng2
縫,['phúng'],feng4
繃,['băng'],beng1
繃,['băng'],beng3
繆,['mậu'],miao4
繆,['liễu'],liao3
繆,['mậu'],miu4
繆,['mâu'],mou2
繆,['mục'],mu4
繇,"['dao', 'diêu']",yao2
繇,['do'],you2
繇,"['chựu', 'lựu']",zhou4
繰,"['sào', 'tao']",qiao1
繰,"['sào', 'tao']",sao1
纚,['ly'],li2
纚,['sỉ'],xi3
罷,['bãi'],ba4
罷,['ba'],ba5
翟,['địch'],di2
翟,['trạch'],zhai2
耑,['chuyên'],zhuan1
耑,['đoan'],duan1
耙,"['ba', 'bá']",ba4
耙,"['ba', 'bá']",pa2
耶,"['gia', 'da']",ye1
耶,"['gia', 'da']",ye2
耶,"['gia', 'da']",ye5
肖,['tiêu'],xiao1
肖,['tiếu'],xiao4
背,['bối'],bei1
背,"['bối', 'bội']",bei4
胖,['bàn'],pan2
胖,['bàn'],pang4
脯,['phủ'],fu3
脯,['bô'],pu2
膀,['bảng'],bang3
膀,['báng'],bang4
膀,['bàng'],pang1
膀,['bàng'],pang2
膏,['cao'],gao1
膏,['cáo'],gao4
臊,['tao'],sao1
臊,['táo'],sao4
臧,['tang'],zang1
臧,['tạng'],zang4
臭,['xú'],chou4
臭,['khứu'],xiu4
與,['dư'],yu2
與,['dữ'],yu3
與,['dự'],yu4
興,['hưng'],xing1
興,['hứng'],xing4
舍,['xá'],she4
舍,['xả'],she3
般,['ban'],ban1
般,['bàn'],pan2
般,['bát'],bo1
艾,['ngải'],ai4
艾,['nghệ'],yi4
芫,['diêm'],yan2
芫,['nguyên'],yuan2
芴,['hốt'],hu1
芴,['vật'],wu4
芾,['phí'],fei4
芾,['phất'],fu2
苕,['thiều'],shao2
苕,['điều'],tiao2
茄,['gia'],jia1
茄,['cà'],qie2
茆,['mao'],mao2
茆,['mão'],mao3
茜,['thiến'],qian4
茜,['tây'],xi1
荅,['đáp'],da1
荅,['đáp'],da2
草,['thảo'],cao3
草,['tháo'],cao4
荑,['đề'],ti2
荑,['di'],yi2
荷,['hà'],he2
荷,['hạ'],he4
莎,['sa'],sha1
莎,['toa'],suo1
莘,['sân'],shen1
莘,['tân'],xin1
莞,['quan'],guan1
莞,['quản'],guan3
莞,['hoản'],wan3
莩,['phu'],fu2
莩,['biễu'],piao3
菀,['uyển'],wan3
菀,['uất'],yu4
菑,['tai'],zai1
菑,['tri'],zi1
華,['hoa'],hua2
華,['hoá'],hua4
華,['hoa'],hua1
菲,['phi'],fei1
菲,['phỉ'],fei3
菸,['yên'],yan1
菸,['ư'],yu1
萹,['phiên'],bian1
萹,['biển'],bian3
著,['trước'],zhao1
著,['trước'],zhao2
著,['trước'],zhe5
著,['trước'],zhuo2
著,['trứ'],zhu4
蒔,['thì'],shi2
蒔,['thi'],shi4
蒙,['mông'],meng2
蒙,['mông'],meng3
蒙,['mông'],meng1
蓋,['cái'],ge3
蓋,['cái'],gai4
蓼,['liệu'],liao3
蓼,['lục'],lu4
蔓,['man'],man2
蔓,['mạn'],man4
蔚,['uất'],yu4
蔚,['uý'],wei4
蕃,"['phồn', 'phiền']",bo1
蕃,['phiên'],fan1
蕃,"['phồn', 'phiền']",fan2
薄,['bạc'],bo2
薄,['bạc'],bao2
薄,['bạc'],bo4
薺,['tề'],ji4
薺,['tề'],qi2
藉,"['tá', 'tạ']",jie4
藉,['tịch'],ji2
藏,['tạng'],zang4
藏,['tàng'],cang2
蘋,['bình'],ping2
蘋,['tần'],pin2
處,['xử'],chu3
處,['xứ'],chu4
號,"['gào', 'hào']",hao2
號,['hiệu'],hao4
虺,['hôi'],hui1
虺,['huỷ'],hui3
蛸,['sao'],shao1
蛸,['sao'],xiao1
蝃,['đế'],di4
蝃,['chuyết'],zhuo1
蠡,['lê'],li2
蠡,"['lễ', 'lãi']",li3
行,"['hàng', 'hạng']",hang2
行,"['hành', 'hạnh']",xing2
術,['thuật'],shu4
術,[],zhu2
衣,['y'],yi1
衣,['ý'],yi4
衩,['sái'],cha3
衩,['sái'],cha4
衰,['thôi'],cui1
衰,['suy'],shuai1
衹,['chỉ'],zhi3
衹,['kỳ'],qi2
裨,"['bì', 'tì']",pi2
裨,"['bì', 'tì']",bi4
裼,['thế'],ti4
裼,['tích'],xi1
褚,['trữ'],chu3
褚,['trữ'],zhu3
褪,['thoái'],tui4
褪,['thốn'],tun4
褶,['tập'],xi2
褶,['triệp'],zhe3
襢,['đản'],tan3
襢,['triển'],zhan4
要,['yêu'],yao1
要,['yếu'],yao4
覃,[],qin2
覃,['đàm'],tan2
見,['kiến'],jian4
見,['hiện'],xian4
親,['thân'],qin1
親,"['thân', 'thấn']",qing4
覺,['giáo'],jiao4
覺,['giác'],jue2
觀,['quán'],guan4
觀,['quan'],guan1
角,['giác'],jue2
角,"['giác', 'giốc', 'góc']",jiao3
觜,['tuy'],zi1
觜,['chuỷ'],zui3
解,['giải'],xie4
解,['giải'],jie3
解,['giải'],jie4
訾,['ti'],zi1
訾,['tí'],zi3
誒,['ai'],ei1
誒,['ai'],ei2
誒,['ai'],ei3
誒,['ai'],ei4
誒,['hy'],xi1
語,['ngữ'],yu3
語,['ngứ'],yu4
說,"['thuyết', 'thuế']",shui4
說,['thuyết'],shuo1
調,['điệu'],diao4
調,['điều'],tiao2
論,['luận'],lun2
論,['luận'],lun4
謏,['tẩu'],sou3
謏,['tiểu'],xiao3
謚,['thuỵ'],shi4
謚,['ích'],yi4
謾,['man'],man2
謾,['mạn'],man4
識,['thức'],shi2
識,['chí'],zhi4
譙,['tiều'],qiao2
譙,['tiếu'],qiao4
讀,['đậu'],dou4
讀,"['đọc', 'độc']",du2
豁,['khoát'],hua2
豁,['khoát'],huo1
豁,['khoát'],huo4
豈,['khải'],kai3
豈,['khởi'],qi3
豊,['phong'],feng1
豊,['lễ'],li3
豻,"['ngạn', 'ngan']",an4
豻,"['ngạn', 'ngan']",han4
貉,"['hào', 'hạc']",he2
貉,['mạch'],mo4
賁,['bôn'],ben1
賁,['bí'],bi4
賈,['giả'],jia3
賈,['cổ'],gu3
趄,['thư'],ju1
趄,['thiết'],qie4
趟,['thảng'],tang1
趟,['thảng'],tang4
趯,['địch'],ti4
趯,['dược'],yue4
足,['tú'],ju4
足,['túc'],zu2
跂,['kịch'],ji1
跂,['kỳ'],qi2
跂,['kỳ'],qi3
跂,['khí'],qi4
跂,['chi'],zhi1
踅,['thệ'],chi4
踅,['tuyệt'],xue2
踉,['lương'],liang2
踉,['lượng'],liang4
蹶,"['quyết', 'quệ']",jue2
蹶,"['quyết', 'quệ']",jue3
軋,"['yết', 'loát']",ya4
軋,['ca'],ga2
軋,[],zha2
載,['tải'],zai3
載,"['tải', 'tái']",zai4
轉,['chuyển'],zhuai3
轉,['chuyển'],zhuan3
轉,['chuyến'],zhuan4
辟,['tích'],bi4
辟,['tịch'],pi4
迆,['di'],yi2
迆,['dĩ'],yi3
迤,['di'],yi2
迤,['dĩ'],yi3
迫,['bài'],pai3
迫,"['bách', 'bức']",po4
追,['đôi'],dui1
追,['truy'],zhui1
逮,['đãi'],dai3
逮,['đãi'],dai4
過,['quá'],guo1
過,"['quá', 'qua']",guo4
過,['qua'],guo5
遠,['viễn'],yuan3
遠,['viễn'],yuan4
還,['hoàn'],huan2
還,['hoàn'],hai2
那,['na'],na1
那,['na'],nuo2
那,['nả'],na3
那,['na'],na4
郄,[],qie4
郄,['khích'],xi4
酊,['đinh'],ding1
酊,['đính'],ding3
酖,['đam'],dan1
酖,['trậm'],zhen4
酢,['thố'],cu4
酢,['tạc'],zuo4
醱,['phát'],fa1
醱,['bát'],po1
采,['thái'],cai3
采,['thái'],cai4
重,['trùng'],chong2
重,['trọng'],zhong4
量,['lượng'],liang2
量,['lượng'],liang4
釕,['liễu'],liao3
釕,['liễu'],liao4
釘,['đinh'],ding1
釘,['đính'],ding4
鈀,['bả'],ba3
鈀,['ba'],pa2
鈆,"['diên', 'duyên']",yan2
鈆,"['diên', 'duyên']",qian1
鈿,['điền'],dian4
鈿,['điền'],tian2
銑,['tiển'],xi3
銑,['tiển'],xian3
銚,['diêu'],yao2
銚,['điệu'],diao4
銾,['cống'],gong3
銾,['hống'],hong4
鋌,['đĩnh'],ding4
鋌,['thính'],ting3
鋦,['cư'],ju1
鋦,['cục'],ju2
鋪,['phô'],pu1
鋪,['phố'],pu4
鋸,['cư'],ju1
鋸,['cưa'],ju4
鎬,['cảo'],gao3
鎬,['hạo'],hao4
鏹,['cường'],qiang1
鏹,['cưỡng'],qiang3
鐔,['đàm'],tan2
鐔,['tầm'],xin2
鐺,['sanh'],cheng1
鐺,['đang'],dang1
鑽,"['khoan', 'toàn']",zuan1
鑽,"['khoan', 'toản']",zuan4
長,['trường'],chang2
長,['trưởng'],zhang3
閒,['gian'],jian1
閒,['gián'],jian4
閒,['nhàn'],xian2
間,['gian'],jian1
間,['gián'],jian4
閤,"['hợp', 'hạp']",he2
閤,['cáp'],ge2
閬,['lãng'],lang2
閬,['lãng'],lang4
閼,['át'],e4
閼,['yên'],yan1
闍,['đồ'],du1
闍,['xà'],she2
闕,['khuyết'],que1
闕,['khuyết'],que4
阿,['a'],a1
阿,['a'],e1
陂,['bi'],bei1
陂,['pha'],po1
降,['giáng'],jiang4
降,['hàng'],xiang2
隗,['cao'],kui2
隗,['ngỗi'],wei3
隱,['ẩn'],yin3
隱,['ấn'],yin4
雋,['tuyến'],juan4
雋,['tuấn'],jun4
難,['nan'],nan2
難,['nạn'],nan4
雨,['vũ'],yu3
雨,['vũ'],yu4
靚,"['tịnh', 'tĩnh']",jing4
靚,[],liang4
靡,['my'],mi2
靡,['mỹ'],mi3
鞅,['ương'],yang1
鞅,['ưởng'],yang4
鞝,['thượng'],shang4
鞝,['chưởng'],zhang3
頃,['khuynh'],qing1
頃,['khoảnh'],qing3
頡,['hiệt'],xie2
頡,['kiết'],jie2
頦,['cai'],ke1
頦,['cai'],ke2
食,['thực'],shi2
食,['tự'],si4
飲,['ẩm'],yin3
飲,['ấm'],yin4
餔,['bô'],bu1
餔,['bộ'],bu4
餾,['lưu'],liu2
餾,['lựu'],liu4
饢,['nang'],nang2
饢,['nãng'],nang3
馮,['phùng'],feng2
馮,['bằng'],ping2
馱,['đạ'],duo4
馱,"['thồ', 'đà']",tuo2
騎,['kỵ'],ji4
騎,['kỵ'],qi2
鬄,[],di2
鬄,['thế'],ti4
鬲,['cách'],ge2
鬲,['lịch'],li4
鮮,['tiên'],xian1
鮮,['tiên'],xian3
鯖,['thinh'],qing1
鯖,['chinh'],zheng1
鱣,['thiện'],shan4
鱣,['chiên'],zhan1
鵠,['cốc'],gu3
鵠,['hộc'],hu2
麃,['tiêu'],biao1
麃,['bào'],pao2
麇,['quân'],jun1
麇,['quần'],qun2
麗,['ly'],li2
麗,['lệ'],li4
黽,['mãnh'],meng3
黽,['mẫn'],min3
齦,['khẩn'],ken3
齦,['ngân'],yin2
龜,['quy'],gui1
龜,['quân'],jun1
龜,['khưu'],qiu1
下,['hạ'],xia4
丑,['sửu'],chou3
丘,['khâu'],qiu1
丫,['nha'],ya1
丹,['đan'],dan1
主,"['chủ', 'chúa']",zhu3
乃,['nãi'],nai3
乓,['bàng'],pang1
乗,['thừa'],cheng2
九,['cửu'],jiu3
也,['dã'],ye3
亍,['xúc'],chu4
井,['tỉnh'],jing3
亜,['á'],ya4
亥,['hợi'],hai4
京,['kinh'],jing1
亮,['lượng'],liang4
人,['nhân'],ren2
亻,['nhân'],ren2
仁,['nhân'],ren2
仃,['đinh'],ding1
他,['tha'],ta1
付,['phó'],fu4
仮,['giả'],jia3
伏,['phục'],fu2
休,['hưu'],xiu1
伱,['nễ'],ni3
但,['đãn'],dan4
住,"['trú', 'trụ']",zhu4
佑,['hựu'],you4
佟,['đồng'],tong2
你,['nễ'],ni3
佢,['cừ'],qu2
佷,['hận'],hen3
佺,['thuyên'],quan2
佻,['khiêu'],tiao1
侁,['thân'],shen1
侄,['điệt'],zhi2
侏,['chu'],zhu1
侐,['tuất'],xu4
侖,['luân'],lun2
侜,['chu'],zhou1
侮,['vũ'],wu3
侵,['xâm'],qin1
侹,['đĩnh'],ting3
俁,['vũ'],yu3
俅,['cầu'],qiu2
俍,['lương'],liang2
俏,['tiếu'],qiao4
俐,['lợi'],li4
俑,['dũng'],yong3
俔,['khiếm'],qian4
俚,['lý'],li3
俜,['binh'],ping1
俳,"['bài', 'bồi']",pai2
俴,['kiến'],jian4
俾,['tỷ'],bi3
倉,"['thương', 'thảng']",cang1
倚,['ỷ'],yi3
値,['trị'],zhi2
倮,"['loã', 'khoả']",luo3
倷,['nãi'],nai3
偁,['xưng'],cheng1
偌,['nhạ'],ruo4
偓,['ốc'],wo4
偢,['thiễu'],chou3
偪,['bức'],bi1
偲,['ti'],si1
偷,['thâu'],tou1
偸,['thâu'],tou1
偺,['ta'],zan2
傌,['mạ'],ma4
傕,['quyết'],jue2
傘,['tản'],san3
傞,['thoa'],suo1
傻,['xoạ'],sha3
僎,['soạn'],zhuan4
像,['tượng'],xiang4
僖,['hy'],xi1
僝,['sàn'],chan2
僣,['tiếm'],jian4
僤,['đản'],dan4
僥,['kiểu'],jiao3
僩,['giản'],xian4
僵,['cương'],jiang1
僻,['tích'],pi4
儂,['nùng'],nong2
儈,['khoái'],kuai4
儋,['đam'],dan1
儍,['xoạ'],sha3
儒,['nho'],ru2
儔,['trù'],chou2
儘,['tận'],jin3
儞,['nễ'],ni3
儭,['sấn'],chen4
允,['duẫn'],yun3
兄,['huynh'],xiong1
先,['tiên'],xian1
兎,['thỏ'],tu4
兔,['thỏ'],tu4
兗,['duyện'],yan3
兮,['hề'],xi1
冀,['ký'],ji4
冢,['trủng'],zhong3
冪,['mịch'],mi4
冱,['hộ'],hu4
准,['chuẩn'],zhun3
凍,['đông'],dong4
凔,['sương'],cang1
凡,['phàm'],fan2
出,['xuất'],chu1
刃,['nhận'],ren4
刊,['san'],kan1
刖,['ngoạt'],yue4
刻,['khắc'],ke4
剄,['hĩnh'],jing3
前,['tiền'],qian2
剕,['phí'],fei4
剗,['sản'],chan3
剚,['tứ'],zi4
剛,['cương'],gang1
剞,['kỷ'],ji1
副,"['phó', 'bộ']",fu4
剰,['thặng'],sheng4
剴,['khải'],kai3
剺,['ly'],li2
劊,['quái'],gui4
劑,['tễ'],ji4
劓,"['nhị', 'tị']",yi4
劖,['thiền'],chan2
劘,['my'],mo2
勉,"['miễn', 'mẫn']",mian3
勌,['quyện'],juan4
勔,['miễn'],mian3
勖,['húc'],xu4
勗,['húc'],xu4
務,['vụ'],wu4
勯,['đan'],dan1
匏,['bào'],pao2
匔,['cung'],gong1
匜,['di'],yi2
匝,['táp'],za1
匯,['hối'],hui4
匶,['cữu'],jiu4
卄,['nhập'],nian4
卅,['tạp'],sa4
卆,['tốt'],zu2
卑,['ti'],bei1
卯,['mão'],mao3
卲,['thiệu'],shao4
卵,['noãn'],luan3
卼,['ngột'],wu4
厄,['ách'],e4
厘,['ly'],li2
厝,['thố'],cuo4
厠,['xí'],ce4
又,['hựu'],you4
受,['thọ'],shou4
叛,['phản'],pan4
叟,['tẩu'],sou3
司,"['ti', 'tư']",si1
吋,['thốn'],cun4
后,['hậu'],hou4
向,['hướng'],xiang4
吡,['bỉ'],bi3
含,['hàm'],han2
吵,['sảo'],chao3
告,['cáo'],gao4
呌,['khiếu'],jiao4
周,['chu'],zhou1
呬,['hi'],xi4
呸,['phì'],pei1
呻,['thân'],shen1
咄,['đốt'],duo1
咇,['tất'],bi4
咈,['phật'],fu2
咍,['hai'],hai1
咪,['mi'],mi1
咭,['kê'],ji1
咮,['trụ'],zhou4
咸,['hàm'],xian2
哎,['ai'],ai1
哧,['xích'],chi1
哨,['sáo'],shao4
唁,['ngạn'],yan4
唇,['thần'],chun2
唏,['hi'],xi1
唘,"['khởi', 'khải']",qi3
唰,['soa'],shua1
唲,['nhi'],er2
唵,['úm'],an3
唶,['giới'],jie4
啎,['ngỗ'],wu3
啐,['thối'],cui4
啓,"['khởi', 'khải']",qi3
啟,"['khởi', 'khải']",qi3
啢,['lượng'],liang3
啤,['bia'],pi2
啻,['thí'],chi4
啾,['thu'],jiu1
善,['thiện'],shan4
喆,['triết'],zhe2
喈,['giai'],jie1
喊,['hảm'],han3
喎,['oai'],wai1
喒,['ta'],zan2
喙,['uế'],hui4
喜,['hỷ'],xi3
喬,['kiều'],qiao2
営,"['doanh', 'dinh']",ying2
嗐,['hại'],hai4
嗙,['bảnh'],pang3
嗡,['ông'],weng1
嗤,['xuy'],chi1
嗷,['ngao'],ao2
嗽,['thấu'],sou4
嗾,['thốc'],sou3
嘁,['thích'],qi1
嘒,['uế'],hui4
嘖,['trách'],ze2
嘯,['khiếu'],xiao4
嘰,['ky'],ji1
嘻,['hi'],xi1
噀,['tốn'],xun4
噂,['tổn'],zun3
噅,['huy'],hui1
噇,['sàng'],chuang2
噉,['đạm'],dan4
噗,['phốc'],pu1
噭,['khiếu'],jiao4
嚌,['tế'],ji4
嚏,['xì'],ti4
嚕,['lỗ'],lu1
嚙,['nhai'],nie4
嚥,['yến'],yan4
嚭,['phỉ'],pi3
嚮,['hướng'],xiang4
囁,['nhiếp'],nie4
囅,['sản'],chan3
囓,['niết'],nie4
囗,['vi'],wei2
囘,['hồi'],hui2
回,['hồi'],hui2
囡,['nam'],nan1
囿,['hữu'],you4
圍,"['vi', 'vây']",wei2
圞,['loan'],luan2
圢,['đinh'],ting3
坂,['phản'],ban3
坌,['bộn'],ben4
坯,['phôi'],pi1
坱,['dưỡng'],yang3
坵,['khâu'],qiu1
垃,['lạp'],la1
垓,['cai'],gai1
垔,['nhân'],yin1
垝,['quỷ'],gui3
垠,['ngần'],yin2
垡,['phạt'],fa2
垧,['thưởng'],shang3
垮,['khoả'],kua3
埰,['thái'],cai4
埵,['đoả'],duo3
堂,['đường'],tang2
堆,['đồi'],dui1
堌,['cố'],gu4
堍,['thố'],tu4
堝,['qua'],guo1
堨,['yết'],e4
堿,['kiềm'],jian3
塋,['doanh'],ying2
塍,['thăng'],cheng2
塗,['đồ'],tu2
塙,['xác'],que4
塚,['trủng'],zhong3
塡,['điền'],tian2
填,['điền'],tian2
塹,['tiệm'],qian4
墅,['thự'],shu4
墊,['điếm'],dian4
墟,['khư'],xu1
墺,['áo'],ao4
壚,['lư'],lu2
壞,['hoại'],huai4
壬,['nhâm'],ren2
壯,['tráng'],zhuang4
夂,['tri'],zhi3
夊,['tuy'],sui1
夜,['dạ'],ye4
夠,['cú'],gou4
夤,['dần'],yin2
夥,['hoả'],huo3
夸,['khoa'],kua1
奉,['phụng'],feng4
奏,['tấu'],zou4
奸,['gian'],jian1
她,['tha'],ta1
奼,['xá'],cha4
妄,['vọng'],wang4
妊,['nhâm'],ren4
妓,['kỹ'],ji4
妣,['tỷ'],bi3
姆,['mẫu'],mu3
姊,['tỷ'],zi3
始,['thuỷ'],shi3
姍,['san'],shan1
姐,"['tỷ', 'thư']",jie3
姒,['tự'],si4
姚,['diêu'],yao2
姝,['xu'],shu1
娀,['tung'],song1
威,['uy'],wei1
娉,['phinh'],ping1
娌,['lý'],li3
娓,['vỉ'],wei3
娣,['đễ'],di4
娿,['a'],e1
婀,['a'],e1
婞,['hạnh'],xing4
婢,['tỳ'],bi4
婥,['sước'],chuo4
媕,['an'],an1
媟,['tiết'],xie4
媲,['bễ'],pi4
媵,['dắng'],ying4
媸,['xuy'],chi1
媺,['mỹ'],mei3
媽,['má'],ma1
嫋,['điệu'],niao3
嫚,['mạn'],man4
嫠,['ly'],li2
嫿,['hoạ'],hua4
嬉,['hi'],xi1
嬋,['thuyền'],chan2
嬝,['điệu'],niao3
嬭,['nãi'],nai3
嬲,['niễu'],niao3
孅,['tiêm'],xian1
孟,['mạnh'],meng4
孥,['nô'],nu2
孬,['nạo'],nao1
孵,['phu'],fu1
孿,['loan'],luan2
安,['an'],an1
宏,['hoành'],hong2
宗,['tông'],zong1
定,['định'],ding4
宨,['điệu'],tiao3
容,['dung'],rong2
寁,['toản'],zan3
寄,['ký'],ji4
寔,['thực'],shi2
寤,['ngụ'],wu4
實,['thực'],shi2
寪,['vĩ'],wei3
寳,['bảo'],bao3
寶,['bảo'],bao3
尲,['giam'],gan1
尷,['giam'],gan1
尹,['doãn'],yin3
尻,['khào'],kao1
屄,['bi'],bi1
屈,['khuất'],qu1
屌,['điểu'],diao3
屙,['a'],e1
屠,['đồ'],tu2
屣,['tỷ'],xi3
屭,['hý'],xi4
山,['sơn'],shan1
屺,['dĩ'],qi3
岐,['kỳ'],qi2
岔,['xoá'],cha4
岣,['cẩu'],gou3
岷,['dân'],min2
峪,['dục'],yu4
峱,['nạo'],nao2
峴,['hiện'],xian4
峽,"['hiệp', 'hẹp']",xia2
峿,['ngô'],wu2
崆,['không'],kong1
崎,['khi'],qi2
崔,['thôi'],cui1
崘,['lôn'],lun2
崙,['lôn'],lun2
崟,['dần'],yin2
崬,['đông'],dong1
崽,['tải'],zai3
嵋,['my'],mei2
嵎,['ngu'],yu2
嵬,['ngôi'],wei2
嶔,['khâm'],qin1
嶺,['lĩnh'],ling3
巇,['hy'],xi1
巋,['khuy'],kui1
巘,['nghiễn'],yan3
巡,['tuần'],xun2
左,['tả'],zuo3
巨,['cự'],ju4
己,['kỷ'],ji3
巳,['tỵ'],si4
帀,['táp'],za1
帆,['phàm'],fan1
希,['hy'],xi1
帔,['bí'],pei4
帗,['phạt'],fu2
帙,['trật'],zhi4
帚,['chổi'],zhou3
帟,['diệc'],yi4
帯,['đới'],dai4
帶,['đới'],dai4
幃,['vy'],wei2
幅,['bức'],fu2
幛,['trướng'],zhang4
幞,['phốc'],fu2
幡,['phướn'],fan1
幰,['hiển'],xian3
平,['bình'],ping2
幻,['huyễn'],huan4
庁,"['sảnh', 'thính']",ting1
庄,['trang'],zhuang1
庇,['tý'],bi4
庖,['bào'],pao2
庤,['chí'],zhi4
座,"['toạ', 'toà']",zuo4
康,['khang'],kang1
廂,['sương'],xiang1
廎,['khoảnh'],qing3
廓,['khuếch'],kuo4
廖,['liệu'],liao4
廙,['dị'],yi4
廞,['hân'],xin1
廣,['quảng'],guang3
廬,['lư'],lu2
廳,"['sảnh', 'thính']",ting1
延,['diên'],yan2
建,['kiến'],jian4
廿,['nhập'],nian4
弆,['cử'],ju3
弊,['tệ'],bi4
弔,['điếu'],diao4
引,['dẫn'],yin3
弧,['hồ'],hu2
弭,['mị'],mi3
彆,['biệt'],bie4
彌,['di'],mi2
彐,['kệ'],ji4
彑,['kệ'],ji4
彩,['thái'],cai3
彭,['bành'],peng2
彲,['si'],chi1
彳,['xích'],chi4
征,['chinh'],zheng1
很,['ngận'],hen3
後,['hậu'],hou4
徙,['tỷ'],xi3
徬,['bàng'],pang2
徴,"['trưng', 'chứng']",zheng1
忌,['kỵ'],ji4
忐,['thảm'],tan3
忑,['thắc'],te4
忖,['thốn'],cun3
忡,['xung'],chong1
忮,['kỹ'],zhi4
忻,['hân'],xin1
怎,['chẩm'],zen3
怕,['phạ'],pa4
怖,['bố'],bu4
怚,['thư'],ju4
怹,['than'],tan1
恂,['tuân'],xun2
恆,['hằng'],heng2
恌,['khiêu'],tiao1
恐,['khủng'],kong3
恒,['hằng'],heng2
恓,['tây'],xi1
恚,['huệ'],hui4
恰,['kháp'],qia4
悌,['đễ'],ti4
悔,['hối'],hui3
悛,['thuân'],quan1
悢,['lượng'],liang4
您,['nâm'],nin2
悼,['điệu'],dao4
惋,['oản'],wan3
惎,['kỵ'],ji4
惓,['quyền'],quan2
惕,['thích'],ti4
惙,['chuyết'],chuo4
惛,['hôn'],hun1
惰,['đoạ'],duo4
惹,['nhạ'],re3
惺,['tinh'],xing1
愀,['thiểu'],qiao3
愊,['phức'],bi4
意,['ý'],yi4
愔,['âm'],yin1
愜,['khiếp'],qie4
愨,['xác'],que4
愮,['dao'],yao2
愯,['tủng'],song3
愾,['khái'],kai4
慅,['tao'],sao1
慈,['từ'],ci2
慍,['uấn'],yun4
慟,['thống'],tong4
慤,['xác'],que4
慧,['tuệ'],hui4
慫,['tủng'],song3
慰,"['uỷ', 'uý']",wei4
慳,['khan'],qian1
慶,['khánh'],qing4
憃,['thung'],chong1
憊,['bại'],bei4
憋,['biệt'],bie1
憐,['liên'],lian2
憑,['bằng'],ping2
憙,['hỷ'],xi3
憚,['đạn'],dan4
憝,['đỗi'],dui4
憤,['phẫn'],fen4
憧,['sung'],chong1
憨,['hàm'],han1
憮,['vũ'],wu3
憹,['não'],nao2
憺,['đảm'],dan4
懆,['thảo'],cao3
懊,['áo'],ao4
懥,['chí'],zhi4
懦,['nhu'],nuo4
懰,['lưu'],liu2
懱,['miệt'],mie4
懶,['lãn'],lan3
懽,['hoan'],huan1
戁,['nản'],nan3
戉,['việt'],yue4
戔,['tiên'],jian1
戚,['thích'],qi1
戤,['cái'],gai4
戩,['tiển'],jian3
戭,['diễn'],yan3
戳,['trạc'],chuo1
戴,['đội'],dai4
戽,['hố'],hu4
扂,['điệm'],dian4
扊,['diễm'],yan3
扣,['khấu'],kou4
扦,['thiên'],qian1
扮,['ban'],ban4
技,['kỹ'],ji4
抏,['ngoạn'],wan2
披,['phi'],pi1
抬,['đài'],tai2
抱,['bão'],bao4
抵,['để'],di3
拃,['tra'],zha3
拊,['phủ'],fu3
拕,['tha'],tuo1
拖,['tha'],tuo1
拯,['chửng'],zheng3
拼,['bính'],pin1
挖,['oạt'],wa1
挱,['sa'],suo1
挲,['sa'],suo1
捂,['ngộ'],wu3
捃,['quấn'],jun4
捄,['cứu'],jiu4
捆,['khổn'],kun3
捍,['hãn'],han4
捎,['sao'],shao1
捕,['bắt'],bu3
捥,['oản'],wan4
捧,['bưng'],peng3
捶,['chuỷ'],chui2
掀,['hiên'],xian1
掂,['điêm'],dian1
授,['thụ'],shou4
掉,['điệu'],diao4
掎,['kỷ'],ji3
掔,['kiên'],qian1
掗,['á'],ya4
採,['thái'],cai3
掣,['xiết'],che4
推,['suy'],tui1
掰,['bẻ'],bai1
掽,['bính'],peng4
揀,['giản'],jian3
揉,['nhu'],rou2
揑,['niết'],nie1
插,['sáp'],cha1
揕,['trấm'],zhen4
揠,['yển'],ya4
握,['ác'],wo4
揥,['thế'],ti4
揦,['lạt'],la4
揩,['khai'],kai1
揪,['thu'],jiu1
揫,['thu'],jiu1
援,['viện'],yuan2
揶,['da'],ye2
揷,['sáp'],cha1
揺,['dao'],yao2
搆,['cấu'],gou4
搉,['xác'],que4
搊,['sưu'],chou1
搋,['soai'],chuai1
搓,['tha'],cuo1
搖,['dao'],yao2
搜,['sưu'],sou1
搥,['truỳ'],chui2
搦,['nạch'],nuo4
搧,['thiên'],shan1
搬,['ban'],ban1
搯,['đào'],tao1
搳,['hoa'],hua2
搷,['chẩn'],chen1
摎,['cưu'],jiu1
摒,['bính'],bing4
摴,['sư'],shu1
摷,['tiễu'],jiao3
撈,['lao'],lao1
撐,['chống'],cheng1
撖,['hạm'],han4
撙,['tổn'],zun3
撟,['kiểu'],jiao3
撢,['đạn'],dan3
撧,['tuyệt'],jue1
撲,['phác'],pu1
擠,['tễ'],ji3
擡,['đài'],tai2
擤,['xỉ'],xing3
擯,['tấn'],bin4
擴,['khuếch'],kuo4
擺,['bài'],bai3
攀,['phan'],pan1
攏,['long'],long3
攔,['lan'],lan2
攖,['anh'],ying1
攛,['thoán'],cuan1
攥,['toản'],zuan4
攫,['quắp'],jue2
收,['thu'],shou1
攽,['ban'],ban1
敃,['mẫn'],min3
敞,['sưởng'],chang3
敪,['xuyết'],duo2
敺,['khu'],qu1
敻,['quýnh'],xiong4
敿,['kiểu'],jiao3
斃,['tễ'],bi4
斠,['giác'],jiao4
斤,['cân'],jin1
斮,['trác'],zhuo2
斷,"['đoạn', 'đoán']",duan4
旂,['kỳ'],qi2
旎,['nỉ'],ni3
旖,['ỷ'],yi3
旗,['kỳ'],qi2
旡,['ký'],ji4
旴,['hu'],xu1
旹,['thời'],shi2
易,"['dịch', 'dị']",yi4
昞,['bỉnh'],bing3
昧,['muội'],mei4
昭,['chiêu'],zhao1
昺,['bỉnh'],bing3
晁,['triều'],chao2
時,['thời'],shi2
晌,['thưởng'],shang3
晏,['yến'],yan4
晞,['hy'],xi1
晾,['lượng'],liang4
暗,['ám'],an4
暨,['kỵ'],ji4
暱,['nật'],ni4
暸,['liêu'],liao2
暹,['xiêm'],xian1
暾,['thôn'],tun1
曀,['ý'],yi4
曦,['hy'],xi1
曨,['lung'],long2
曩,['nãng'],nang3
曷,['hạt'],he2
未,"['vị', 'mùi']",wei4
本,['bản'],ben3
李,['lý'],li3
杖,['trượng'],zhang4
杙,['dặc'],yi4
杝,['di'],yi2
杞,['kỷ'],qi3
束,['thúc'],shu4
杪,['diểu'],miao3
杳,['yểu'],yao3
杵,['xử'],chu3
松,['tùng'],song1
枰,['bình'],ping2
枱,['đài'],tai2
枲,['tỷ'],xi3
枷,['gia'],jia1
枻,['duệ'],yi4
柂,['di'],yi2
柅,['nỉ'],ni3
柘,['chá'],zhe4
柢,['đế'],di3
柮,['đốt'],duo4
柶,['tứ'],si4
柹,['thị'],shi4
柿,['thị'],shi4
栓,['xuyên'],shuan1
栞,['san'],kan1
栩,['hủ'],xu3
株,['chu'],zhu1
栵,['lệ'],li4
桀,['kiệt'],jie2
桅,['nguy'],wei2
桋,['di'],yi2
桐,['đồng'],tong2
桯,['thinh'],ting1
桶,['thùng'],tong3
梗,"['cành', 'ngạnh']",geng3
條,['điều'],tiao2
梱,['khổn'],kun3
梵,['phạn'],fan4
棊,['kỳ'],qi2
棖,['tranh'],cheng2
棗,['táo'],zao3
棚,['bằng'],peng2
棧,['sạn'],zhan4
棨,['khể'],qi3
棰,['truỳ'],chui2
椀,['oản'],wan3
椌,['khoang'],qiang1
植,['thực'],zhi2
椑,['ty'],bei1
椓,['trác'],zhuo2
椗,['đính'],ding4
椵,['giả'],jia3
椽,['chuyên'],chuan2
楄,['biên'],pian2
楅,['bức'],bi4
楗,['kiện'],jian4
楢,['do'],you2
楣,['my'],mei2
楦,['huyên'],xuan4
楳,['mai'],mei2
榕,['dung'],rong2
榛,['trăn'],zhen1
榴,['lựu'],liu2
榷,['các'],que4
槊,['sóc'],shuo4
槧,['tạm'],qian4
標,['tiêu'],biao1
樹,['thụ'],shu4
橊,['lựu'],liu2
橋,['kiều'],qiao2
橕,['sanh'],cheng1
機,['cơ'],ji1
橤,['nhuỵ'],rui3
檥,['nghĩ'],yi3
檯,['đài'],tai2
檸,['ninh'],ning2
櫚,['lư'],lu:2
櫳,['lồng'],long2
櫽,['ẩn'],yin3
欂,['bạc'],bo2
欑,['toàn'],zan4
次,['thứ'],ci4
欱,['húp'],he1
欷,['hy'],xi1
歗,['khiếu'],xiao4
止,['chỉ'],zhi3
武,['võ'],wu3
歧,['kỳ'],qi2
殄,['điển'],tian3
殉,['tuẫn'],xun4
殗,['yếp'],ye4
殫,['đàn'],dan1
殭,['cương'],jiang1
殮,['liệm'],lian4
殯,['tấn'],bin4
段,['đoạn'],duan4
殹,['ý'],yi4
殿,['điện'],dian4
毗,['tỳ'],pi2
毘,['tỳ'],pi2
毷,['máo'],mao4
毽,['kiến'],jian4
氅,['sưởng'],chang3
氆,['phổ'],pu3
永,['vĩnh'],yong3
汊,['xá'],cha4
汋,['chước'],zhuo2
汔,['khất'],qi4
汜,['dĩ'],si4
汰,['thải'],tai4
決,['quyết'],jue2
沁,['thấm'],qin4
沇,['duyện'],yan3
沔,['miện'],mian3
沛,['bái'],pei4
沴,['lệ'],li4
泂,['huýnh'],jiong3
泉,['tuyền'],quan2
泲,['tể'],ji3
洎,['kịp'],ji4
洙,['chu'],zhu1
洩,['tiết'],xie4
洱,['nhĩ'],er3
洹,['hoàn'],huan2
洺,['minh'],ming2
洿,['ô'],wu1
浙,['chiết'],zhe4
浦,['phổ'],pu3
浬,['lý'],li3
浼,['mỗi'],mei3
涅,['niết'],nie4
涒,['thôn'],tun1
涕,['thế'],ti4
涫,['quán'],guan4
涬,['hãnh'],xing4
淀,['điến'],dian4
淄,['truy'],zi1
淅,['tích'],xi1
淇,['kỳ'],qi2
淒,['thê'],qi1
淼,['miểu'],miao3
渚,['chử'],zhu3
渨,['ôi'],wei1
渲,['tuyển'],xuan4
渺,['miểu'],miao3
渼,['mỹ'],mei3
湄,['my'],mei2
湊,['thấu'],cou4
湘,['tương'],xiang1
湜,['thực'],shi2
湼,['niết'],nie4
準,['chuẩn'],zhun3
溠,['trá'],zha4
溴,['xú'],xiu4
溶,['dung'],rong2
滏,['phủ'],fu3
滔,['thao'],tao1
滴,['tích'],di1
滻,['sản'],chan3
漓,['ly'],li2
漰,['băng'],peng1
漼,['thôi'],cui3
潀,['tùng'],cong2
潁,['dĩnh'],ying3
潚,['tiêu'],xiao1
潠,['tốn'],xun4
潮,"['trào', 'triều']",chao2
澉,['cảm'],gan3
澥,['giải'],xie4
澨,['thệ'],shi4
澼,['phích'],pi4
濁,['trọc'],zhuo2
濇,['sáp'],se4
濜,['tấn'],jin4
瀉,['tả'],xie4
瀕,['tần'],bin1
瀘,['lô'],lu2
瀠,['oanh'],ying2
瀣,['giới'],xie4
瀦,['chứa'],zhu1
瀨,['lại'],lai4
灉,['ung'],yong1
灕,['ly'],li2
灥,['tầm'],xun2
灩,['diễm'],yan4
灰,['hôi'],hui1
炊,['xuy'],chui1
炙,['chích'],zhi4
炯,['quýnh'],jiong3
炳,['bỉnh'],bing3
烱,['quýnh'],jiong3
烴,['thinh'],ting1
焊,['hàn'],han4
焠,['tôi'],cui4
煁,['thầm'],chen2
煏,['phức'],bi4
煕,['hy'],xi1
熔,['dung'],rong2
熛,['tiêu'],biao1
熠,['dập'],yi4
熯,['hãn'],han4
熹,['hy'],xi1
熾,['sí'],chi4
燀,['xiển'],chan3
燏,['duật'],yu4
燴,['quái'],hui4
燼,['tẫn'],jin4
爊,['ngao'],ao1
爐,['lò'],lu2
爬,['bò'],pa2
爸,['ba'],ba4
爹,['tía'],die1
爺,['gia'],ye2
牖,['dũ'],you3
牝,['tẫn'],pin4
牿,['cố'],gu4
犂,['lê'],li2
犏,['biên'],pian1
犖,['lạc'],luo4
犨,['thù'],chou1
犫,['thù'],chou1
狁,['duẫn'],yun3
狆,['trọng'],zhong4
狫,['lão'],lao3
猁,['lợi'],li4
猇,['khiêu'],xiao1
猜,['sai'],cai1
猟,['liệp'],lie4
猱,['nao'],nao2
獗,['quyết'],jue2
獘,['tệ'],bi4
獰,['nanh'],ning2
獵,['liệp'],lie4
獼,['my'],mi2
玃,['quặc'],jue2
玉,['ngọc'],yu4
玫,['mai'],mei2
珈,['gia'],jia1
珣,['tuần'],xun2
珥,['nhị'],er3
珧,['diêu'],yao2
琁,['tuyền'],xuan2
理,['lý'],li3
琦,['kỳ'],qi2
琪,['kỳ'],qi2
琵,['tỳ'],pi2
瑚,['hô'],hu2
瑰,['khôi'],gui1
璀,['thôi'],cui3
璅,['toả'],suo3
璟,['cảnh'],jing3
璣,['ky'],ji1
璫,['đang'],dang1
璵,['dư'],yu2
璽,['tỷ'],xi3
瓀,['nhuyễn'],ruan3
瓈,"['ly', 'lê']",li2
瓮,['úng'],weng4
甑,['tắng'],zeng4
甕,['úng'],weng4
生,['sinh'],sheng1
甥,['sanh'],sheng1
甩,['suý'],shuai3
甪,['lộ'],lu4
畀,['tý'],bi4
畇,['vận'],yun2
畈,['phiến'],fan4
畚,['bổn'],ben3
畤,['trĩ'],zhi4
畫,"['hoạ', 'hoạch']",hua4
異,['dị'],yi4
畾,['lôi'],lei2
畿,['kỳ'],ji1
痂,['già'],jia1
痌,['thông'],tong1
痗,['mội'],mei4
痙,['kinh'],jing4
痡,['phô'],pu1
痤,['toạ'],cuo2
瘢,['ban'],ban1
瘤,['lựu'],liu2
瘯,['thốc'],cu4
瘰,['lỗi'],luo3
瘳,['sưu'],chou1
癃,['lung'],long2
癅,['lựu'],liu2
癇,['giản'],xian2
癖,['phích'],pi3
癢,['dưỡng'],yang3
皎,['kiểu'],jiao3
皽,['chao'],zhao1
盌,['oản'],wan3
盧,['lô'],lu2
直,['trực'],zhi2
盻,['hễ'],xi4
眉,['mi'],mei2
眢,['oan'],yuan1
眥,['tý'],zi4
眦,['tý'],zi4
眨,['trát'],zha3
眺,['thiếu'],tiao4
睂,['mi'],mei2
睅,['hạn'],han4
睍,['hiện'],xian4
睎,['hy'],xi1
睜,['tranh'],zheng1
睞,['lãi'],lai4
瞄,['miêu'],miao2
瞅,['thu'],chou3
瞌,['khạp'],ke1
矁,['thiễu'],chou3
矗,['súc'],chu4
矟,['sác'],shuo4
矢,['thỉ'],shi3
矬,['toà'],cuo2
矮,['ải'],ai3
矴,['đính'],ding4
矸,['can'],gan1
砑,['nhạ'],ya4
砒,['tỳ'],pi1
硃,['chu'],zhu1
硏,['nghiên'],yan2
硤,['giáp'],xia2
硪,['ngạ'],wo4
确,['xác'],que4
碁,['kỳ'],qi2
碇,['đính'],ding4
碗,['oản'],wan3
碫,['đoán'],duan4
碭,['đãng'],dang4
碰,['bính'],peng4
磔,['trách'],zhe2
磣,['sẩm'],chen3
磯,['ky'],ji1
礁,['tiêu'],jiao1
礦,"['khoáng', 'quặng']",kuang4
礮,['pháo'],pao4
礿,['dược'],yue4
祐,['hữu'],you4
祟,['tuý'],sui4
祧,['thiêu'],tiao1
祺,['kỳ'],qi2
祿,['lộc'],lu4
禊,['hễ'],xi4
禋,['yên'],yin1
禠,['tư'],si1
禡,['mã'],ma4
禦,['ngự'],yu4
禨,['ky'],ji1
禸,['nhựu'],rou2
禿,['thốc'],tu1
秋,['thu'],qiu1
秏,['hao'],hao4
秒,['miểu'],miao3
秕,['bỉ'],bi3
秧,['ương'],yang1
秩,['trật'],zhi4
秭,['tỷ'],zi3
稀,['hy'],xi1
稔,['nhẫm'],ren3
稬,['noạ'],nuo4
稭,['kiết'],jie1
穆,['mục'],mu4
積,['tích'],ji1
穟,['toại'],sui4
穤,['noạ'],nuo4
穧,['tế'],ji4
穨,['đồi'],tui2
穵,['oạt'],wa1
穽,['tỉnh'],jing3
穿,['xuyên'],chuan1
窅,['yểu'],yao3
窋,['truật'],zhu2
窞,['đạm'],dan4
窠,['khoa'],ke1
窯,['diêu'],yao2
窰,['diêu'],yao2
窿,['lung'],long2
竁,['xuế'],cui4
竟,['cánh'],jing4
竣,['thuân'],jun4
笊,['tráo'],zhao4
笙,['sanh'],sheng1
符,['phù'],fu2
笨,['đần'],ben4
笱,['cẩu'],gou3
笳,['già'],jia1
筏,['phiệt'],fa2
筮,['phệ'],shi4
筯,['trợ'],zhu4
筸,['can'],gan1
箅,['bế'],bi4
箒,['chổi'],zhou3
箕,['cơ'],ji1
箘,['khuân'],jun4
箭,['tiễn'],jian4
箱,['rương'],xiang1
篡,['soán'],cuan4
篰,['bộ'],bu4
篾,['miệt'],mie4
簃,['di'],yi2
簌,['tốc'],su4
簑,['thoa'],suo1
簒,['soán'],cuan4
簨,['tuẩn'],sun3
簷,['diêm'],yan2
籊,['địch'],ti4
籔,['tẩu'],sou3
籟,['lại'],lai4
籤,['thiêm'],qian1
籥,['dược'],yue4
籬,['ly'],li2
粃,['bỉ'],bi3
粗,['thô'],cu1
粲,['xán'],can4
粺,['bại'],bai4
粽,['tống'],zong4
糒,['bí'],bei4
糞,['phân'],fen4
糯,['noạ'],nuo4
紃,['xuyên'],xun2
紉,['nhận'],ren4
紐,['nữu'],niu3
紑,['phù'],fou2
紞,['đãn'],dan3
紟,['câm'],jin1
索,['sách'],suo3
絅,['quýnh'],jiong3
絆,['bán'],ban4
絎,['hàng'],hang2
絲,['tơ'],si1
絳,['giáng'],jiang4
絺,['hy'],chi1
綀,['sơ'],shu1
綁,['bảng'],bang3
綖,['diên'],yan2
綝,['sâm'],chen1
綦,['kỳ'],qi2
綪,['thiến'],qian4
綵,['thái'],cai3
綷,['tuý'],cui4
緇,['tri'],zi1
緌,['nhuy'],rui2
締,['đế'],di4
緦,['ty'],si1
緬,['miến'],mian3
緯,['vĩ'],wei3
緲,['miểu'],miao3
縋,['truý'],zhui4
縭,['ly'],li2
縵,['mạn'],man4
縻,['my'],mi2
纑,['lô'],lu2
罈,['đàm'],tan2
罋,['úng'],weng4
罏,['lư'],lu2
罡,['cương'],gang1
罣,['quái'],gua4
罨,['yểm'],yan3
罩,['tráo'],zhao4
署,['thự'],shu3
罳,['ty'],si1
罹,['lo'],li2
羀,['lữu'],liu3
羂,['quyến'],juan4
羇,['ky'],ji1
羈,['ky'],ji1
羊,['dương'],yang2
美,['mỹ'],mei3
羑,['dữu'],you3
羯,['yết'],jie2
羲,['hy'],xi1
羴,['thiên'],shan1
羶,['thiên'],shan1
翃,['hồng'],hong2
翊,['dực'],yi4
翡,['phỉ'],fei3
翥,['trứ'],zhu4
翱,['ngao'],ao2
翺,['ngao'],ao2
翿,['đạo'],dao4
耇,['cẩu'],gou3
耈,['cẩu'],gou3
耍,['soạ'],shua3
耔,['tỷ'],zi3
耖,['sáo'],chao4
耜,['cử'],si4
耡,['sừ'],chu2
耷,['đạp'],da1
耼,['đam'],dan1
聃,['đam'],dan1
聯,['liên'],lian2
肘,['chỏ'],zhou3
肯,['khẳng'],ken3
胃,['vị'],wei4
胇,['phế'],fei4
胙,['tạc'],zuo4
胾,['chí'],zi4
腆,['thiển'],tian3
腐,['hủ'],fu3
腕,['oản'],wan4
腫,['trũng'],zhong3
腸,['tràng'],chang2
腿,['thối'],tui3
膋,['liêu'],liao2
膓,['tràng'],chang2
膦,['lân'],lin4
膩,['nhị'],ni4
膰,['phần'],fan2
膾,['khoái'],kuai4
膿,['nùng'],nong2
臉,['kiểm'],lian3
臏,['tẫn'],bin4
臝,['loã'],luo3
臬,['niết'],nie4
臻,['trăn'],zhen1
臿,['sáp'],cha1
舀,['yểu'],yao3
舐,['thỉ'],shi4
舓,['thị'],shi4
舛,['suyễn'],chuan3
舟,['chu'],zhou1
舫,['phảng'],fang3
舶,['bạc'],bo2
艑,['biện'],bian4
艗,['dật'],yi4
艿,['nãi'],nai3
芃,['bồng'],peng2
芰,['kỵ'],ji4
苘,['khoảnh'],qing3
苯,['bản'],ben3
苾,['bật'],bi4
茞,['thần'],chen2
茨,['tỳ'],ci2
茷,['pha'],fa2
茹,['như'],ru2
茻,['mãng'],mang3
莔,['manh'],meng2
莙,['quân'],jun1
菁,['tinh'],jing1
菆,['tưu'],zou1
菡,['hạm'],han4
菷,['chổi'],zhou3
萃,['tuỵ'],cui4
萇,['trường'],chang2
葦,['vĩ'],wei3
葸,['tỷ'],xi3
蒗,['lạng'],lang4
蓉,['dung'],rong2
蓏,['loả'],luo3
蓖,['bế'],bi4
蓰,['tỷ'],xi3
蓷,['thôi'],tui1
蕆,['sản'],chan3
蕕,['du'],you2
蕡,['phần'],fen2
蕾,['lôi'],lei3
薈,['hội'],hui4
薙,['thế'],ti4
薦,['tiến'],jian4
薨,['hoăng'],hong1
薳,['vĩ'],wei3
藚,['tục'],xu4
藴,['uẩn'],yun4
蘁,['ngộ'],wu4
蘂,['nhuỵ'],rui3
蘅,['hành'],heng2
蘆,['lô'],lu2
蘸,['chấm'],zhan4
蘺,['ly'],li2
蘼,['my'],mi2
虓,['hao'],xiao1
虛,['hư'],xu1
虢,['quắc'],guo2
虩,['khích'],xi4
蚘,['hồi'],hui2
蚜,['nha'],ya2
蚡,['phần'],fen2
蚩,['si'],chi1
蚯,['khưu'],qiu1
蛛,['chu'],zhu1
蛹,['nhộng'],yong3
蛺,['giáp'],jia2
蜊,['lị'],li2
蜞,['kỳ'],qi2
蜱,['tỳ'],pi2
蜽,['lưỡng'],liang3
螄,['sư'],si1
融,['dung'],rong2
螎,['dung'],rong2
螓,['tần'],qin2
螘,['nghĩ'],yi3
螭,['ly'],chi1
蟢,['hỷ'],xi3
蠆,['sái'],chai4
蠋,['trục'],zhu2
蠍,['hiết'],xie1
蠟,['lạp'],la4
蠮,['ế'],ye1
蠶,['tằm'],can2
衋,['hức'],xi4
衡,['hành'],heng2
袈,['cà'],jia1
袟,['trật'],zhi4
袠,['trật'],zhi4
袢,['phán'],pan4
裊,['niểu'],niao3
裏,['lý'],li3
裘,['cừu'],qiu2
裡,['lý'],li3
裱,['biểu'],biao3
裹,['khoả'],guo3
褒,['bao'],bao1
褔,['phó'],fu4
褘,['huy'],hui1
褡,['đáp'],da1
褦,['nại'],nai4
褰,['khiên'],qian1
褵,['ly'],li2
襇,['giản'],jian3
襌,['đan'],dan1
襚,['tuỳ'],sui4
襛,['nùng'],nong2
襠,['đũng'],dang1
襡,['thục'],shu2
襪,['vạt'],wa4
襬,['bãi'],bai3
西,['tây'],xi1
覅,['phiếu'],fiao4
覆,['phúc'],fu4
覇,['bá'],ba4
覉,['ky'],ji1
覊,['ky'],ji1
覜,['thiếu'],tiao4
覬,['ký'],ji4
観,['quan'],guan1
覷,['thứ'],qu4
觥,['quang'],gong1
觴,['thương'],shang1
觵,['quang'],gong1
訄,['cầu'],qiu2
計,['kế'],ji4
訕,['san'],shan4
訖,['cật'],qi4
記,['ký'],ji4
訪,"['phỏng', 'phóng']",fang3
訬,['sao'],chao1
詀,['chiêm'],zhan1
詁,['cổ'],gu3
詑,['tha'],tuo2
詗,['huýnh'],xiong4
詛,['rủa'],zu3
詭,['quỷ'],gui3
詻,['ách'],e4
誂,['điểu'],tiao3
誄,['luỵ'],lei3
誇,['khoa'],kua1
誋,['kỵ'],ji4
諉,['uỷ'],wei3
諟,['thị'],shi4
諢,['hộn'],hun4
諮,['tư'],zi1
謍,['doanh'],ying2
謐,['mịch'],mi4
譆,['hi'],xi1
譏,['cơ'],ji1
譜,"['phả', 'phổ']",pu3
譫,['chiêm'],zhan1
讆,['nguỵ'],wei4
變,['biến'],bian4
讌,['yến'],yan4
讞,['nghiệm'],yan4
豌,['oản'],wan1
象,['tượng'],xiang4
豨,['heo'],xi1
豸,['trĩ'],zhi4
貔,['tỳ'],pi2
貙,['sơ'],chu1
貜,['cước'],jue2
販,['phiến'],fan4
貲,['tư'],zi1
賚,['lại'],lai4
賢,['hiền'],xian2
賸,['thặng'],sheng4
賽,['tái'],sai4
赤,['xích'],chi4
赧,['noản'],nan3
赬,['trinh'],cheng1
起,['khởi'],qi3
赸,['sán'],shan4
跏,['già'],jia1
跗,['phu'],fu1
跟,['cân'],gen1
跲,['vấp'],jia2
跴,['thải'],cai3
跺,['đoá'],duo4
跽,['kỵ'],ji4
踠,['oản'],wan3
踤,['tột'],cu4
踰,['du'],yu2
踴,['dũng'],yong3
踽,['củ'],ju3
蹁,['biên'],pian2
蹂,['nhựu'],rou2
蹋,['đạp'],ta4
蹙,['xúc'],cu4
蹦,['bính'],beng4
蹩,['biệt'],bie2
躂,['đáp'],da1
躋,['tê'],ji1
躘,['lung'],long2
躡,['niếp'],nie4
躩,['khước'],jue2
躶,"['loã', 'khoả']",luo3
軏,['ngột'],yue4
輈,['chu'],zhou1
輛,['lượng'],liang4
輟,['chuyết'],chuo4
輭,['nhuyễn'],ruan3
輵,['cát'],ge2
輹,['phúc'],fu4
輻,['phúc'],fu2
轑,['lảo'],lao3
轟,['oanh'],hong1
轤,['lô'],lu2
辦,['biện'],ban4
辰,"['thìn', 'thần']",chen2
迄,['hất'],qi4
返,['phản'],fan3
迢,['điều'],tiao2
迥,['quýnh'],jiong3
退,['thoái'],tui4
逆,['nghịch'],ni4
逈,['quýnh'],jiong3
逌,['du'],you2
逖,['thích'],ti4
進,['tiến'],jin4
逿,['đãng'],dang4
遙,['dao'],yao2
避,['tị'],bi4
邅,['chuyên'],zhan1
邐,['lệ'],li3
邛,['cung'],qiong2
邱,['khâu'],qiu1
邲,['bật'],bi4
邴,['bỉnh'],bing3
邶,['bội'],bei4
郁,['úc'],yu4
郙,['phủ'],fu3
郤,['khích'],xi4
郰,['châu'],zou1
鄄,['quyến'],juan4
鄗,['hạo'],hao4
鄢,['yên'],yan1
鄶,['cối'],kuai4
酅,['hy'],xi1
酎,['trữu'],zhou4
酐,['can'],gan1
酗,['hú'],xu4
酹,['lỗi'],lei4
酺,['bô'],pu2
醋,['thố'],cu4
醑,['tữ'],xu3
醓,['thản'],tan3
醚,['mê'],mi2
醛,['thuyên'],quan2
醞,['uấn'],yun4
醨,['ly'],li2
醪,['lao'],lao2
醫,['y'],yi1
醯,['ê'],xi1
醻,['thù'],chou2
醾,['my'],mi2
釅,['nghiệm'],yan4
里,['lý'],li3
釙,['bộc'],po1
針,['châm'],zhen1
釦,['khấu'],kou4
釩,['phàm'],fan2
釱,['đệ'],di4
鉈,['tha'],ta1
鉉,['huyễn'],xuan4
鉍,['bí'],bi4
鉑,['bạc'],bo2
鉺,['nhĩ'],er3
鉻,['các'],ge4
銍,['chí'],zhi4
銛,['tiêm'],xian1
銲,['hàn'],han4
銼,['toả'],cuo4
鋊,['dụ'],yu4
鋏,['kìm'],jia2
錇,['bồi'],pei2
錍,['phê'],pi1
錐,['truy'],zhui1
錔,['thạp'],ta4
錘,['chuỳ'],chui2
錙,['tri'],zi1
錟,['đàm'],tan2
錳,['mãnh'],meng3
錵,['hoa'],hua1
鍉,['đề'],di1
鍛,['đoán'],duan4
鍶,['tư'],si1
鍺,['giả'],zhe3
鎂,['mỹ'],mei3
鎔,['dung'],rong2
鎘,['cách'],ge2
鎚,['chuỳ'],chui2
鏐,['lưu'],liu2
鏞,['dung'],yong1
鏟,['sạn'],chan3
鏡,['kính'],jing4
鏢,['tiêu'],biao1
鏾,['tản'],san3
鑌,['tân'],bin1
鑐,['tu'],xu1
鑛,"['khoáng', 'quặng']",kuang4
鑪,['lò'],lu2
鑭,['lan'],lan2
钁,['cuốc'],jue2
閃,['thiểm'],shan3
閎,['hoành'],hong2
閙,['náo'],nao4
閦,['súc'],chu4
閾,['vực'],yu4
闈,['vi'],wei2
闒,['tháp'],ta4
關,['quan'],guan1
闟,['hấp'],xi1
闠,['hội'],hui4
闢,['tịch'],pi4
阰,['tỳ'],pi2
阱,['tỉnh'],jing3
阼,['tộ'],zuo4
陁,[],tuo2
隮,['tê'],ji1
雊,['cấu'],gou4
雍,['ung'],yong1
雎,['sư'],ju1
雖,['tuy'],sui1
雝,['ung'],yong1
霉,['mốc'],mei2
霎,['siếp'],sha4
霑,['triêm'],zhan1
霰,['tản'],xian4
霹,['phích'],pi1
霽,['tạnh'],ji4
靄,['ải'],ai3
靜,['tĩnh'],jing4
靠,['kháo'],kao4
鞌,['yên'],an1
鞍,['yên'],an1
鞹,['khuếch'],kuo4
韈,['vạt'],wa4
韔,['sướng'],chang4
韮,['cửu'],jiu3
頂,['đỉnh'],ding3
頍,['khuể'],kui3
領,['lãnh'],ling3
頯,['quỳ'],kui2
頲,['thỉnh'],ting3
頳,['trinh'],cheng1
頷,['hàm'],han4
顗,['ỷ'],yi3
顥,['hạo'],hao4
顱,['lâu'],lu2
颭,['triển'],zhan3
颮,['tiêu'],biao1
颱,['đài'],tai2
颸,['ty'],si1
颻,['diêu'],yao2
颼,['sưu'],sou1
颿,['phàm'],fan1
飆,['tiêu'],biao1
飡,['xan'],can1
飢,['cơ'],ji1
飧,['tôn'],sun1
飫,['ứ'],yu4
飮,['ẩm'],yin3
飯,['phạn'],fan4
飰,['phạn'],fan4
飱,['tôn'],sun1
餂,['thiểm'],tian3
餌,['nhử'],er3
餓,['ngạ'],e4
餤,['đàm'],tan2
餼,['hý'],xi4
饁,['diệp'],ye4
饇,['ứ'],yu4
饊,['tản'],san3
首,"['thủ', 'thú']",shou3
馡,['phi'],fei1
馯,['hãn'],han4
駙,['phò'],fu4
駝,['đà'],tuo2
騂,['tuynh'],xing1
騌,['tông'],zong1
騍,['khoá'],ke4
騏,['kỳ'],qi2
騙,['phiến'],pian4
騸,['thiến'],shan4
騾,['la'],luo2
驘,['la'],luo2
驥,['ký'],ji4
骾,['ngạnh'],geng3
髐,['hiêu'],xiao1
髕,['tẫn'],bin4
髧,['đạm'],dan4
髩,['tấn'],bin4
髫,['thiều'],tiao2
髭,['tỳ'],zi1
髺,['quát'],kuo4
髽,['qua'],zhua1
鬁,['lị'],li4
鬆,['tông'],song1
鬎,['lạt'],la4
鬐,['kỳ'],qi2
鬢,['tấn'],bin4
鬧,['náo'],nao4
鬱,['uất'],yu4
鬴,['phủ'],fu3
魎,['lượng'],liang3
魑,['si'],chi1
魯,['lỗ'],lu3
鮎,['niêm'],nian2
鮚,['cát'],jie2
鮠,['nguy'],wei2
鮪,['vị'],wei3
鯁,['ngạnh'],geng3
鯉,['lý'],li3
鯫,['tưu'],zou1
鯰,['niêm'],nian2
鰩,['diêu'],yao2
鰭,['kỳ'],qi2
鱄,['chuyên'],zhuan1
鱉,['ba'],bie1
鱟,['hấu'],hou4
鱠,['khoái'],kuai4
鱸,['lư'],lu2
鳳,['phượng'],feng4
鴆,['trậm'],zhen4
鴞,['hiêu'],xiao1
鵻,['chuy'],zhui1
鷓,['giá'],zhe4
鷟,['trạc'],zhuo2
鷥,['tư'],si1
鷲,['thứu'],jiu4
鸝,['ly'],li2
鹸,['kiềm'],jian3
鹻,['kiềm'],jian3
鹼,['kiềm'],jian3
麂,['kỷ'],ji3
麋,['my'],mi2
麒,['kỳ'],qi2
麚,['gia'],jia1
麛,['mê'],mi2
黃,['hoàng'],huang2
黈,['thẩu'],tou3
黴,['mốc'],mei2
黿,['ngoan'],yuan2
鼄,['chu'],zhu1
鼈,['ba'],bie1
鼒,['tư'],zi1
鼙,['bề'],pi2
鼚,['xương'],chang1
鼛,['cao'],gao1
鼢,['phẫn'],fen2
鼻,['tỵ'],bi2
鼾,['han'],han1
齣,['xuất'],chu1
齧,['nhai'],nie4
齪,['xúc'],chuo4
齰,['trách'],ze2
齲,['sâu'],qu3
龐,['bàng'],pang2
龝,['thu'],qiu1
龠,['dược'],yue4
㒸,['toại'],suì
㥯,['ẩn'],yǐn
㨪,['hoảng'],huàng
一,['nhất'],yī
丂,['khảo'],kǎo
七,['thất'],qī
丄,['thượng'],shàng
丅,['hạ'],xià
丈,['trượng'],zhàng
丐,['cái'],gài
丕,['phi'],pī
世,['thế'],shì
丙,['bính'],bǐng
丟,['đâu'],diū
丣,['dậu'],yǒu
丨,['cổn'],gǔn
丩,['cưu'],jiū
丮,['kịch'],jǐ
丰,['phong'],fēng
丱,['quán'],guàn
丳,['sạn'],chǎn
丵,['trác'],zhuó
丶,['chủ'],zhǔ
丸,['hoàn'],wán
乂,['nghệ'],yì
久,['cửu'],jiǔ
乆,['cửu'],jiǔ
之,['chi'],zhī
乏,['phạp'],fá
乒,['binh'],pīng
乕,['hổ'],hǔ
乖,['quai'],guāi
乙,['ất'],yǐ
乢,['cái'],gài
乩,['kê'],jī
乳,['nhũ'],rǔ
乴,['tích'],xué
亀,['quy'],guī
亁,['can'],gān
亂,['loạn'],luàn
亄,['ý'],yì
亅,['quyết'],jué
亊,['sự'],shì
事,['sự'],shì
二,['nhị'],èr
云,['vân'],yún
互,['hỗ'],hù
五,['ngũ'],wǔ
亙,['cắng'],gèn
亝,['tề'],qí
亠,['đầu'],tóu
交,['giao'],jiāo
亦,['diệc'],yì
享,['hưởng'],xiǎng
亭,['đình'],tíng
亯,['hanh'],xiǎng
亱,['dạ'],yè
亳,['bạc'],bó
亼,['tập'],jí
亾,['vong'],wáng
仂,['lặc'],lè
仄,['trắc'],zè
仉,['chưởng'],zhǎng
今,['kim'],jīn
介,['giới'],jiè
仌,['băng'],bīng
仍,['nhưng'],réng
仏,['phật'],fó
仕,['sĩ'],shì
仗,['trượng'],zhàng
仙,['tiên'],xiān
仝,['đồng'],tóng
仞,['nhận'],rèn
仟,['thiên'],qiān
仡,['ngật'],gē
代,['đại'],dài
以,['dĩ'],yǐ
仨,['ta'],sā
仫,['mu'],mù
仲,['trọng'],zhòng
仵,['ngỗ'],wǔ
件,['kiện'],jiàn
伀,['chung'],zhōng
企,['xí'],qǐ
伄,['điếu'],diào
伇,['dịch'],yì
伈,['tẩm'],xǐn
伉,['kháng'],kàng
伊,['y'],yī
伋,['cấp'],jí
伍,['ngũ'],wǔ
伐,['phạt'],fá
伕,['phu'],fū
估,['cổ'],gū
伲,['nễ'],nì
伶,['linh'],líng
伸,['thân'],shēn
伻,['bình'],bēng
伾,['phi'],pī
佀,['tự'],sì
佃,['điền'],diàn
佇,['trữ'],zhù
佈,['bố'],bù
佉,['khư'],qū
佌,['thử'],cǐ
位,['vị'],wèi
低,['đê'],dī
佐,['tá'],zuǒ
何,['hà'],hé
佘,['xà'],shé
佝,['câu'],gōu
佞,['nịnh'],nìng
佤,['ngoã'],wǎ
佧,['kha'],kǎ
佩,['bội'],pèi
佪,['hồi'],huí
佬,['lão'],lǎo
佯,['dương'],yáng
佳,['giai'],jiā
併,['tính'],bìng
佶,['cát'],jí
佸,['quát'],huó
佹,['quỷ'],guǐ
佽,['thứ'],cì
佾,['dật'],yì
侀,['hinh'],xíng
侂,['thác'],tuō
侃,['khản'],kǎn
侅,['cai'],gāi
侇,['di'],yí
侈,['xỉ'],chǐ
侉,['khoa'],kuǎ
例,['lệ'],lì
侌,['âm'],yīn
侍,['thị'],shì
侑,['hựu'],yòu
侔,['mâu'],móu
侘,['sá'],chà
侚,['tuẫn'],xùn
価,['giá'],sì
侶,['lữ'],lǚ
侷,['cục'],jú
便,['tiện'],biàn
係,['hệ'],xì
促,['xúc'],cù
俄,['nga'],é
俉,['ngộ'],wǔ
俊,['tuấn'],jùn
俎,['trở'],zǔ
俓,['kính'],jìng
俗,['tục'],sú
俘,['phu'],fú
保,['bảo'],bǎo
俟,['sĩ'],qí
俠,['hiệp'],xiá
修,['tu'],xiū
俯,['phủ'],fǔ
俱,['câu'],jù
俵,['biểu'],biào
俷,['phị'],fèi
俸,['bổng'],fèng
俺,['yêm'],ǎn
俻,['bị'],bèi
倀,['trành'],chāng
倂,['tính'],bìng
倆,['lưỡng'],liǎ
個,['cá'],gè
倌,['quan'],guān
倍,['bội'],bèi
倏,['thúc'],shū
倐,['thúc'],shū
們,['môn'],men
倔,['quật'],jué
倖,['hãnh'],xìng
倘,['thảng'],tǎng
候,['hậu'],hòu
倜,['thích'],tì
倝,['cán'],gàn
借,['tá'],jiè
倢,['tiệp'],jié
倥,['không'],kōng
倦,['quyện'],juàn
倨,['cứ'],jù
倪,['nghê'],ní
倫,['luân'],lún
倬,['trác'],zhuō
倶,['câu'],jù
倸,['thải'],cǎi
倹,['kiệm'],jiǎn
值,['trị'],zhí
倽,['xá'],shà
偃,['yển'],yǎn
偉,['vĩ'],wěi
偎,['ôi'],wēi
偏,['thiên'],piān
偕,['giai'],xié
偘,['khản'],kǎn
做,['tố'],zuò
停,['đình'],tíng
偝,['bội'],bèi
偟,['hoàng'],huáng
健,['kiện'],jiàn
偨,['sai'],cī
偩,['phụ'],fù
偫,['trĩ'],zhì
偰,['tiết'],xiè
側,['trắc'],cè
偵,['trinh'],zhēn
偶,['ngẫu'],ǒu
偽,['nguỵ'],wěi
傈,['lật'],lì
傎,['điên'],diān
傑,['kiệt'],jié
傓,['phiến'],shàn
傔,['khiểm'],qiàn
備,['bị'],bèi
傚,['hiệu'],xiào
傜,['dao'],yáo
傢,['gia'],jiā
傣,['thái'],dǎi
催,['thôi'],cuī
傮,['tao'],zāo
傯,['tổng'],zǒng
傲,['ngạo'],ào
傴,['ủ'],yǔ
債,['trái'],zhài
傷,['thương'],shāng
傺,['sế'],chì
傾,['khuynh'],qīng
僃,['bị'],bèi
僇,['lục'],lù
僉,['thiêm'],qiān
僊,['tiên'],xiān
働,['động'],dòng
僑,['kiều'],qiáo
僔,['tổn'],zǔn
僕,['bộc'],pú
僚,['liêu'],liáo
僞,['nguỵ'],wěi
僦,['tựu'],jiù
僧,['tăng'],sēng
僨,['phẫn'],fèn
僬,['tiêu'],jiāo
僭,['tiếm'],jiàn
僰,['bặc'],bó
僱,['cố'],gù
僳,['túc'],sù
僴,['giản'],xiàn
僾,['ái'],ài
僿,['tái'],sài
儀,['nghi'],yí
儁,['tuấn'],jùn
億,['ức'],yì
儆,['cảnh'],jǐng
儇,['huyên'],xuān
儉,['kiệm'],jiǎn
儊,['sứ'],chù
儌,['kiêu'],jiǎo
儕,['sài'],chái
儗,['nghĩ'],nǐ
儜,['ninh'],níng
償,['thường'],cháng
儡,['lỗi'],lěi
儤,['bạo'],bào
儩,['tứ'],sì
優,['ưu'],yōu
儵,['thúc'],shū
儷,['lệ'],lì
儸,['la'],luó
儹,['toản'],zǎn
儺,['na'],nuó
儻,['thảng'],tǎng
儼,['nghiễm'],yǎn
儽,['luy'],léi
元,['nguyên'],yuán
充,['sung'],chōng
兆,['triệu'],zhào
兇,['hung'],xiōng
光,['quang'],guāng
克,['khắc'],kè
児,['nhi'],ér
兕,['huỷ'],sì
兙,['thập khắc'],*
兛,['thiên khắc'],qiān
兜,['đâu'],dōu
兟,['sân'],shēn
兢,['căng'],jīng
入,['nhập'],rù
全,['toàn'],quán
兪,['du'],yú
八,['bát'],bā
公,['công'],gōng
六,['lục'],liù
兲,['thiên'],tiān
兵,['binh'],bīng
具,['cụ'],jù
典,['điển'],diǎn
兼,['kiêm'],jiān
冂,['quynh'],jiōng
冃,['mạo'],mào
冄,['nhiễm'],rǎn
円,['viên'],yuán
冇,['mão'],mǎo
冉,['nhiễm'],rǎn
冊,['sách'],cè
冋,['quynh'],jiōng
再,['tái'],zài
冏,['quýnh'],jiǒng
冐,['mạo'],mào
冑,['trụ'],zhòu
冓,['cấu'],gòu
冔,['hu'],xǔ
冕,['miện'],miǎn
冖,['mịch'],mì
冗,['nhũng'],rǒng
冘,['dâm'],yín
冞,['my'],mí
冡,['mông'],méng
冣,['tối'],jù
冤,['oan'],yuān
冥,['minh'],míng
冫,['băng'],bīng
冬,['đông'],dōng
冶,['dã'],yě
冷,['lạnh'],lěng
冽,['liệt'],liè
凄,['thê'],qī
凈,['tịnh'],jìng
凋,['điêu'],diāo
凌,['lăng'],líng
凓,['lật'],lì
凜,['lẫm'],lǐn
凝,['ngưng'],níng
凟,['độc'],dú
凢,['phàm'],fán
凥,['cư'],jū
凰,['hoàng'],huáng
凱,['khải'],kǎi
凳,['đắng'],dèng
凴,['bằng'],píng
凵,['khảm'],qiǎn
凶,['hung'],xiōng
凸,['đột'],tū
凹,['ao'],āo
凼,['đãng'],dàng
函,['hàm'],hán
刀,['đao'],dāo
刁,['điêu'],diāo
刂,['đao'],dāo
刈,['ngải'],yì
刌,['thiển'],cǔn
刎,['vẫn'],wěn
刑,['hình'],xíng
刓,['ngoan'],wán
列,['liệt'],liè
刜,['phất'],fú
初,['sơ'],chū
判,['phán'],pàn
別,['biệt'],bié
刦,['kiếp'],jié
刧,['kiếp'],jié
刨,['bào'],páo
利,['lợi'],lì
刪,['san'],shān
刮,['quát'],guā
到,['đáo'],dào
刲,['khuê'],kuī
刳,['khô'],kū
刴,['đoá'],duò
制,['chế'],zhì
券,['khoán'],quàn
刼,['kiếp'],jié
剁,['đoá'],duò
剃,['thế'],tì
剅,['lâu'],lóu
則,['tắc'],zé
剉,['toả'],cuò
剋,['khắc'],kè
剌,['lạt'],lá
剒,['thố'],cuò
剖,['phẫu'],pōu
剜,['oan'],wān
剟,['xuyết'],duō
剡,['diệm'],shàn
剣,['kiếm'],jiàn
剤,['tễ'],jì
剩,['thặng'],shèng
剪,['tiễn'],jiǎn
剮,['quả'],guǎ
割,['cắt'],gē
剳,['tráp'],dá
剷,['sản'],chǎn
剹,['lục'],lù
剿,['tiễu'],jiǎo
劂,['quyết'],jué
劃,['hoạch'],huà
劇,['kịch'],jù
劈,['phách'],pī
劉,['lưu'],liú
劌,['quế'],guì
劍,['kiếm'],jiàn
劐,['hoát'],huō
劒,['kiếm'],jiàn
劙,['ly'],lí
力,['lực'],lì
功,['công'],gōng
加,['gia'],jiā
劣,['liệt'],liè
劦,['hiệp'],xié
助,['trợ'],zhù
努,['nỗ'],nǔ
劫,['kiếp'],jié
劬,['cù'],qú
劭,['thiệu'],shào
労,['lao'],láo
劵,['quyển'],juàn
効,['hiệu'],xiào
劻,['khuông'],kuāng
劼,['cật'],jié
劾,['hặc'],hé
勃,['bột'],bó
勅,['sắc'],chì
勇,['dũng'],yǒng
勍,['kình'],qíng
勐,['mãnh'],měng
勒,['lặc'],lēi
動,['động'],dòng
勘,['khám'],kān
勛,['huân'],xūn
募,['mộ'],mù
勠,['lục'],lù
勢,['thế'],shì
勣,['tích'],jī
勤,['cần'],qín
勦,['tiễu'],chāo
勧,['cần'],quàn
勩,['duệ'],yì
勰,['hiệp'],xié
勱,['mại'],mài
勲,['huân'],xūn
勳,['huân'],xūn
勵,['lệ'],lì
勷,['nhương'],ráng
勸,['khuyến'],quàn
勹,['bao'],bāo
勻,['quân'],yún
勿,['vật'],wù
匃,['cái'],gài
匄,['cái'],gài
包,['bao'],bāo
匆,['thông'],cōng
匈,['hung'],xiōng
匉,['phanh'],pēng
匊,['cúc'],jū
匋,['đào'],táo
匍,['bồ'],pú
匐,['bặc'],fú
匑,['cung'],gōng
匙,['thi'],shi
匚,['phương'],fāng
匟,['kháng'],kàng
匠,['tượng'],jiàng
匡,['khuông'],kuāng
匣,['hạp'],xiá
匧,['kiếp'],qiè
匪,['phỉ'],fěi
匭,['quỹ'],guǐ
匱,['quỹ'],guì
匳,['liêm'],lián
匴,['toán'],suǎn
匵,['độc'],dú
匽,['yển'],yǎn
匿,['nặc'],nì
十,['thập'],shí
卂,['tín'],xùn
千,['thiên'],qiān
升,['thăng'],shēng
午,['ngọ'],wǔ
卉,['huỷ'],huì
半,['bán'],bàn
卋,['thế'],shì
卌,['tấp'],xì
卍,['vạn'],wàn
卐,['vạn'],wàn
卓,['trác'],zhuó
協,['hiệp'],xié
博,['bác'],bó
卞,['biện'],biàn
卟,['kê'],bǔ
卣,['dữu'],yǒu
卦,['quái'],guà
卨,['tiết'],xiè
卩,['tiết'],jié
卬,['ngang'],áng
卮,['chi'],zhī
印,['ấn'],yìn
即,['tức'],jí
卸,['tá'],xiè
卹,['tuất'],xù
卻,['khước'],què
卽,['tức'],jí
卿,['khanh'],qīng
厀,['tất'],xī
厓,['nhai'],yá
厔,['chất'],zhì
厙,['xá'],shè
厚,['hậu'],hòu
厜,['tuy'],zuī
厞,['phi'],fèi
厤,['lịch'],lì
厥,['quyết'],jué
厮,['tư'],sī
厰,['xưởng'],chǎng
厳,['nghiêm'],yán
厴,['áp'],yǎn
厺,['khứ'],qù
厾,['đâu'],dū
叁,['tam'],sān
叉,['xoa'],chā
及,['cập'],jí
友,['hữu'],yǒu
収,['thâu'],shōu
叒,['nhược'],ruò
叔,['thúc'],shū
叕,['chuyết'],zhuó
叡,['duệ'],ruì
叢,['tùng'],cóng
口,['khẩu'],kǒu
古,['cổ'],gǔ
另,['lánh'],lìng
叩,['khấu'],kòu
叫,['khiếu'],jiào
叭,['bá'],bā
叮,['đinh'],dīng
叱,['sất'],chì
史,['sử'],shǐ
右,['hữu'],yòu
叵,['phả'],pǒ
叻,['lặc'],lè
叼,['điêu'],diāo
各,['các'],gè
吆,['yêu'],yāo
吉,['cát'],jí
吊,['điếu'],diào
同,['đồng'],tóng
名,['danh'],míng
吏,['lại'],lì
吐,['thổ'],tǔ
吚,['y'],yī
君,['quân'],jūn
吝,['lận'],lìn
吞,['thôn'],tūn
吟,['ngâm'],yín
吠,['phệ'],fèi
吥,['bất'],bù
吧,['ba'],ba
吩,['phân'],fēn
吪,['ngoa'],é
吮,['duyện'],shǔn
吰,['hoành'],hóng
吲,['sẩn'],yǐn
吳,['ngô'],wú
吸,['hấp'],xī
吻,['vẫn'],wěn
吼,['hống'],hǒu
吾,['ngô'],wú
呃,['ách'],è
呈,['trình'],chéng
呉,['ngô'],wú
呋,['phu'],fū
呎,['xích'],chǐ
呏,['thăng'],shēng
呑,['thôn'],tūn
呝,['ách'],è
呣,['mô'],ḿ
呤,['linh'],lìng
呦,['u'],yōu
呧,['để'],dǐ
呪,['chú'],zhòu
呰,['tử'],zǐ
呲,['thử'],cī
味,['vị'],wèi
呶,['nao'],náo
呷,['hạp'],gā
命,['mệnh'],mìng
呿,['khư'],qù
咂,['táp'],zā
咆,['bào'],páo
咊,['hoà'],hé
咑,['đát'],dā
咒,['chú'],zhòu
咔,['ca'],kā
咕,['cô'],gū
咚,['đông'],dōng
咠,['thấp'],qì
咡,['nhị'],èr
咢,['ngạc'],è
咣,['quang'],guāng
咦,['di'],yí
咨,['tư'],zī
咩,['mị'],miē
咫,['chỉ'],zhǐ
咲,['tiếu'],xiào
咷,['đào'],táo
咿,['y'],yī
哀,['ai'],āi
品,['phẩm'],pǐn
哂,['sẩn'],shěn
哄,['hống'],hǒng
哇,['oa'],wa
哉,['tai'],zāi
哏,['ngận'],gén
哞,['mâu'],mōu
哢,['lộng'],lòng
哤,['mang'],máng
哥,['ca'],gē
哦,['nga'],ó
哫,['túc'],zú
哭,['khóc'],kū
哮,['hao'],xiāo
哰,['lao'],láo
哲,['triết'],zhé
哳,['triết'],zhā
哶,['mã'],miē
哼,['hanh'],hēng
哽,['ngạnh'],gěng
唆,['toa'],suō
唈,['ấp'],yì
唉,['ai'],āi
唎,['lợi'],lì
唐,['đường'],táng
唕,['tạo'],zào
唣,['tạo'],zào
唧,['tức'],jī
唪,['phủng'],fěng
售,['thụ'],shòu
唱,['xướng'],chàng
唳,['lệ'],lì
唷,['dục'],yō
唾,['thoá'],tuò
唿,['hốt'],hū
啃,['khẳng'],kěn
啅,['trác'],zhuó
商,['thương'],shāng
問,['vấn'],wèn
啕,['đào'],táo
啖,['đạm'],dàn
啗,['đạm'],dàn
啜,['xuyết'],chuài
啣,['hàm'],xián
啥,['xá'],shá
啦,['lạp'],la
啪,['ba'],pā
啵,['ba'],bō
啶,['đính'],dìng
啷,['lang'],lāng
啼,['đề'],tí
啽,['ngàm'],án
喃,['nam'],nán
喇,['lạt'],lǎ
喉,['hầu'],hóu
喋,['điệp'],dié
喌,['châu'],zhōu
喓,['yêu'],yāo
喘,['suyễn'],chuǎn
喚,['hoán'],huàn
喟,['vị'],kuì
喣,['hú'],xǔ
喤,['hoàng'],huáng
喥,['đạc'],duó
喦,['nham'],niè
喧,['huyên'],xuān
喨,['lượng'],liàng
喩,['dụ'],yù
喫,['khiết'],chī
喭,['ngạn'],yàn
喱,['ly'],lí
喳,['tra'],zhā
喵,['miêu'],miāo
喹,['khuê'],kuí
喿,['táo'],zào
嗀,['hác'],hù
嗁,['đề'],tí
嗅,['khứu'],xiù
嗇,['sắc'],sè
嗉,['tố'],sù
嗊,['cống'],hǒng
嗍,['thoa'],suō
嗑,['hạp'],kē
嗓,['tảng'],sǎng
嗖,['sưu'],sōu
嗚,['ô'],wū
嗜,['thị'],shì
嗝,['cách'],gé
嗟,['ta'],jiē
嗣,['tự'],sì
嗥,['hào'],háo
嗨,['hải'],hāi
嗩,['toả'],suǒ
嗯,['ân'],ń
嗶,['tất'],bì
嗹,['liên'],lián
嗿,['thám'],tǎn
嘂,['khiếu'],jiào
嘅,['khái'],kǎi
嘆,['thán'],tàn
嘈,['tào'],cáo
嘉,['gia'],jiā
嘌,['phiêu'],piào
嘍,['lâu'],lóu
嘏,['hỗ'],gǔ
嘓,['quắc'],guō
嘗,['thường'],cháng
嘛,['ma'],ma
嘞,['lặc'],lei
嘟,['đô'],dū
嘠,['dát'],gā
嘡,['thang'],tāng
嘣,['băng'],bēng
嘦,['khiếu'],jiào
嘧,['mật'],mì
嘩,['hoa'],huā
嘫,['nhiên'],rán
嘲,['trào'],cháo
嘴,['chuỷ'],zuǐ
嘵,['hiêu'],xiāo
嘷,['hào'],háo
嘹,['liệu'],liáo
噌,['tăng'],cēng
噎,['ế'],yē
噏,['hấp'],xī
噓,['hư'],xū
噔,['đăng'],dēng
噘,['quyết'],juē
噙,['cầm'],qín
噚,['tầm'],xún
噛,['giảo'],niè
噞,['nghiệm'],yǎn
噠,['đát'],dā
噤,['cấm'],jìn
噥,['nông'],nóng
器,['khí'],qì
噩,['ngạc'],è
噪,['táo'],zào
噬,['phệ'],shì
噱,['cược'],jué
噳,['ngu'],yǔ
噶,['cát'],gá
噷,['hâm'],hm
噸,['đốn'],dūn
嚀,['ninh'],níng
嚃,['tháp'],tā
嚅,['nhu'],rú
嚆,['hao'],hāo
嚇,['hách'],xià
嚎,['hào'],háo
嚐,['thường'],cháng
嚓,['sát'],cā
嚗,['bác'],bó
嚚,['ngân'],yín
嚞,['triết'],zhé
嚦,['lịch'],lì
嚨,['lung'],lóng
嚬,['tần'],pín
嚲,['đả'],duǒ
嚳,['khốc'],kù
嚴,['nghiêm'],yán
嚵,['sàm'],chán
嚶,['anh'],yīng
嚼,['tước'],jué
囀,['chuyển'],zhuàn
囂,['hiêu'],xiāo
囈,['nghệ'],yì
囉,['la'],luō
囊,['nang'],náng
囌,['tô'],sū
囑,['chúc'],zhǔ
囔,['nang'],nāng
囙,['nhân'],yīn
囚,['tù'],qiú
四,['tứ'],sì
囟,['tín'],xìn
因,['nhân'],yīn
団,['đoàn'],tuán
囦,['uyên'],yuān
囧,['quýnh'],jiǒng
囫,['hốt'],hú
囬,['hồi'],huí
囮,['ngoa'],é
囯,['quốc'],guó
困,['khốn'],kùn
囲,['vy'],tōng
図,['đồ'],tú
囶,['quốc'],guó
囷,['khuân'],qūn
囹,['linh'],líng
固,['cố'],gù
囻,['quốc'],guó
圀,['quốc'],guó
圃,['phố'],pǔ
圄,['ngữ'],yǔ
圅,['hàm'],hán
圇,['luân'],lún
圊,['thanh'],qīng
國,['quốc'],guó
園,['viên'],yuán
圓,['viên'],yuán
圖,['đồ'],tú
團,['đoàn'],tuán
圛,['dịch'],yì
在,['tại'],zài
圩,['vu'],wéi
圪,['khất'],gē
圬,['ô'],wū
圭,['khuê'],guī
圮,['bĩ'],pǐ
圯,['di'],yí
地,['địa'],dì
圳,['quyến'],zhèn
址,['chỉ'],zhǐ
坋,['phấn'],bèn
坍,['than'],tān
坎,['khảm'],kǎn
坐,['toạ'],zuò
坑,['khanh'],kēng
坒,['bệ'],bì
坕,['kinh'],jīng
坤,['khôn'],kūn
坦,['thản'],tǎn
坨,['đà'],tuó
坩,['kham'],gān
坪,['bình'],píng
坫,['điếm'],diàn
坭,['nê'],ní
坰,['quynh'],jiōng
坲,['phật'],fó
坳,['ao'],ào
坴,['lục'],lù
坼,['sách'],chè
坿,['phụ'],fù
垂,['thuỳ'],chuí
型,['hình'],xíng
垕,['hậu'],hòu
垖,['đôi'],duī
垗,['triệu'],zhào
垚,['nghiêu'],yáo
垛,['đoá'],duǒ
垜,['đoá'],duǒ
垞,['xá'],chá
垢,['cấu'],gòu
垣,['viên'],yuán
垤,['điệt'],dié
垯,['đáp'],da
垵,['am'],ǎn
垾,['hạn'],hàn
埂,['canh'],gěng
埃,['ai'],āi
埆,['xác'],què
埌,['lãng'],làng
埒,['liệt'],liè
埕,['trình'],chéng
埜,['dã'],yě
埝,['niệm'],niàn
域,['vực'],yù
埠,['phụ'],bù
埧,['cụ'],jù
埭,['đại'],dài
埯,['am'],ǎn
埳,['khảm'],kǎn
埴,['thực'],zhí
執,['chấp'],zhí
埸,['dịch'],yì
基,['cơ'],jī
埼,['kỳ'],qí
埽,['tảo'],sào
堀,['quật'],kū
堃,['khôn'],kūn
堅,['kiên'],jiān
堇,['cận'],jǐn
堉,['dục'],yù
堊,['ác'],è
堋,['bằng'],péng
堎,['lăng'],lèng
堘,['thăng'],chéng
堙,['nhân'],yīn
堞,['điệp'],dié
堠,['hậu'],hòu
堡,['bảo'],bǎo
堦,['giai'],jiē
堧,['nhuyên'],ruán
堪,['kham'],kān
堭,['hoàng'],huáng
堮,['ngạc'],è
堯,['nghiêu'],yáo
堰,['yển'],yàn
報,['báo'],bào
堲,['tức'],cí
堳,['thi'],méi
堵,['đổ'],dǔ
堽,['cương'],gāng
塃,['hoang'],huāng
塄,['lăng'],léng
塊,['khối'],kuài
塌,['tháp'],tā
塏,['khải'],kǎi
塑,['tố'],sù
塒,['thì'],shí
塓,['mịch'],mì
塕,['ổng'],wěng
塘,['đường'],táng
塠,['đôi'],duī
塢,['ổ'],wù
塤,['huân'],xūn
塥,['cách'],gé
塩,['diêm'],yán
塵,['trần'],chén
塼,['chuyên'],zhuān
塽,['sảng'],shuǎng
塾,['thục'],shú
墀,['trì'],chí
墁,['mạn'],màn
境,['cảnh'],jìng
墈,['khám'],kàn
墐,['cận'],jìn
墓,['mộ'],mù
増,['tăng'],zēng
墜,['truỵ'],zhuì
增,['tăng'],zēng
墠,['thiện'],shàn
墦,['phiền'],fán
墨,['mặc'],mò
墩,['đôn'],dūn
墫,['tôn'],zūn
墬,['địa'],dì
墰,['đàm'],tán
墻,['tường'],qiáng
墼,['kích'],jī
墾,['khẩn'],kěn
壁,['bích'],bì
壄,['dã'],yě
壇,['đàn'],tán
壈,['lẫm'],lǎn
壎,['huân'],xūn
壑,['hác'],hè
壒,['ái'],ài
壔,['đảo'],dǎo
壕,['hào'],háo
壖,['nhuyên'],ruán
壙,['khoáng'],kuàng
壜,['đàm'],tán
壝,['duy'],wěi
壟,['lũng'],lǒng
壠,['lũng'],lǒng
壢,['lịch'],lì
壤,['nhưỡng'],rǎng
壩,['bá'],bà
士,['sĩ'],shì
壱,['nhất'],yī
壴,['trú'],zhù
壹,['nhất'],yī
壺,['hồ'],hú
壻,['tế'],xù
壽,['thọ'],shòu
壿,['chung'],zūn
夀,['thọ'],shòu
夅,['hàng'],jiàng
夌,['lăng'],líng
夔,['quỳ'],kuí
夕,['tịch'],xī
外,['ngoại'],wài
夗,['uyển'],yuàn
夙,['túc'],sù
多,['đa'],duō
夣,['mộng'],mèng
天,['thiên'],tiān
太,['thái'],tài
央,['ương'],yāng
失,['thất'],shī
夷,['di'],yí
夾,['giáp'],jiā
奈,['nại'],nài
奎,['khuê'],kuí
奐,['hoán'],huàn
奕,['dịch'],yì
套,['sáo'],tào
奚,['hề'],xī
奠,['điện'],diàn
奡,['ngạo'],ào
奢,['xa'],shē
奨,['tưởng'],jiǎng
奩,['liêm'],lián
奪,['đoạt'],duó
奬,['tưởng'],jiǎng
奭,['thích'],shì
奮,['phấn'],fèn
奴,['nô'],nú
奶,['nãi'],nǎi
妁,['chước'],shuò
如,['như'],rú
妉,['đam'],dān
妍,['nghiên'],yán
妒,['đố'],dù
妖,['yêu'],yāo
妗,['cấm'],jìn
妘,['vân'],yún
妙,['diệu'],miào
妝,['trang'],zhuāng
妞,['nữu'],niū
妤,['dư'],yú
妥,['thoả'],tuǒ
妬,['đố'],dù
妮,['ni'],nī
妸,['a'],ē
妹,['muội'],mèi
妾,['thiếp'],qiè
姅,['bán'],bàn
姉,['tỷ'],zǐ
姑,['cô'],gū
姓,['tính'],xìng
姘,['phanh'],pīn
姙,['nhâm'],rèn
姜,['khương'],jiāng
姞,['cật'],jí
姤,['cấu'],gòu
姦,['gian'],jiān
姧,['gian'],jiān
姨,['di'],yí
姪,['điệt'],zhí
姫,['cơ'],jī
姬,['cơ'],jī
姮,['hằng'],héng
姱,['khoa'],kuā
姸,['nghiên'],yán
姻,['nhân'],yīn
姽,['quỷ'],guǐ
姿,['tư'],zī
娃,['oa'],wá
娑,['sa'],suō
娒,['mỗ'],méi
娘,['nương'],niáng
娛,['ngu'],yú
娟,['quyên'],juān
娠,['thần'],shēn
娥,['nga'],é
娯,['ngu'],yú
娶,['thú'],qǔ
娼,['xướng'],chāng
婆,['bà'],pó
婉,['uyển'],wǎn
婊,['biểu'],biǎo
婕,['tiệp'],jié
婚,['hôn'],hūn
婣,['nhân'],yīn
婤,['chu'],chōu
婦,['phụ'],fù
婧,['tinh'],jìng
婪,['lam'],lán
婬,['dâm'],yín
婭,['á'],yà
婷,['đình'],tíng
婹,['yêu'],yǎo
婺,['vụ'],wù
婿,['tế'],xù
媄,['mỹ'],měi
媅,['đam'],dān
媍,['phụ'],fù
媒,['môi'],méi
媖,['anh'],yīng
媚,['mị'],mèi
媞,['thị'],shì
媢,['mạo'],mào
媧,['oa'],wā
媯,['quy'],guī
媰,['trâu'],chú
媳,['tức'],xí
媻,['bàn'],pán
媼,['ảo'],ǎo
媾,['cấu'],gòu
媿,['quý'],kuì
嫁,['giá'],jià
嫂,['tẩu'],sǎo
嫄,['nguyên'],yuán
嫈,['oanh'],yīng
嫉,['tật'],jí
嫌,['hiềm'],xián
嫏,['lang'],láng
嫕,['ế'],yì
嫘,['luy'],léi
嫜,['chương'],zhāng
嫡,['đích'],dí
嫣,['yên'],yān
嫦,['thường'],cháng
嫩,['nộn'],nèn
嫪,['liệu'],lào
嫫,['mô'],mó
嫭,['hộ'],hù
嫮,['hộ'],hù
嫵,['vũ'],wǔ
嫺,['nhàn'],xián
嫻,['nhàn'],xián
嫽,['liêu'],liáo
嬀,['quy'],guī
嬃,['tu'],xū
嬌,['kiều'],jiāo
嬖,['bế'],bì
嬗,['thiện'],shàn
嬙,['tường'],qiáng
嬡,['ái'],ài
嬢,['nương'],niáng
嬪,['tần'],pín
嬬,['nhu'],rú
嬰,['anh'],yīng
嬴,['doanh'],yíng
嬸,['thẩm'],shěn
嬿,['yến'],yàn
孀,['sương'],shuāng
孃,['nương'],niáng
孌,['luyến'],luán
孏,['lãn'],lǎn
孔,['khổng'],kǒng
孕,['dựng'],yùn
字,['tự'],zì
存,['tồn'],cún
孚,['phu'],fú
孛,['bột'],bèi
孜,['tư'],zī
孝,['hiếu'],xiào
孢,['bào'],bāo
季,['quý'],jì
孤,['cô'],gū
孨,['chuyển'],zhuǎn
孩,['hài'],hái
孰,['thục'],shú
孱,['sàn'],càn
孳,['tư'],zī
學,['học'],xué
孺,['nhụ'],rú
孻,['nai'],nái
孼,['nghiệt'],niè
孽,['nghiệt'],niè
宀,['miên'],mián
宂,['nhũng'],rǒng
宄,['quỹ'],guǐ
宅,['trạch'],zhái
宇,['vũ'],yǔ
宋,['tống'],sòng
完,['hoàn'],wán
宍,['nhục'],ròu
宕,['đãng'],dàng
官,['quan'],guān
宙,['trụ'],zhòu
宜,['nghi'],yí
客,['khách'],kè
宣,['tuyên'],xuān
室,['thất'],shì
宥,['hựu'],yòu
宦,['hoạn'],huàn
宧,['di'],yí
宬,['thành'],chéng
宮,['cung'],gōng
宰,['tể'],zǎi
宴,['yến'],yàn
宵,['tiêu'],xiāo
宸,['thần'],chén
宼,['khấu'],kòu
寀,['thái'],cǎi
寂,['tịch'],jì
寃,['oan'],yuān
寅,['dần'],yín
密,['mật'],mì
寇,['khấu'],kòu
富,['phú'],fù
寎,['kính'],bìng
寐,['mị'],mèi
寑,['tẩm'],qǐn
寒,['hàn'],hán
寓,['ngụ'],yù
寕,['ninh'],níng
寖,['tẩm'],jìn
寘,['trí'],zhì
寛,['khoan'],kuān
寞,['mịch'],mò
察,['sát'],chá
寡,['quả'],guǎ
寢,['tẩm'],qǐn
寥,['liêu'],liáo
寨,['trại'],zhài
審,['thẩm'],shěn
寫,['tả'],xiě
寬,['khoan'],kuān
寮,['liêu'],liáo
寰,['hoàn'],huán
寵,['sủng'],chǒng
寸,['thốn'],cùn
寺,['tự'],sì
対,['đối'],duì
封,['phong'],fēng
専,['chuyên'],zhuān
尃,['phu'],fū
尅,['khắc'],kè
專,['chuyên'],zhuān
尊,['tôn'],zūn
尋,['tầm'],xún
尌,['thụ'],shù
對,['đối'],duì
導,['đạo'],dǎo
小,['tiểu'],xiǎo
尒,['nhĩ'],ěr
尓,['nhĩ'],ěr
尖,['tiêm'],jiān
尗,['thúc'],shū
尙,['thượng'],shàng
尚,['thượng'],shàng
尟,['tiển'],xiǎn
尠,['tiển'],xiǎn
尤,['vưu'],yóu
尪,['uông'],wāng
尬,['giới'],gà
尰,['thũng'],zhǒng
就,['tựu'],jiù
尶,['giam'],gān
尸,['thi'],shī
尾,['vĩ'],wěi
局,['cục'],jú
屁,['thí'],pì
屆,['giới'],jiè
屋,['ốc'],wū
屍,['thi'],shī
屐,['kịch'],jī
屑,['tiết'],xiè
展,['triển'],zhǎn
屖,['tê'],xī
屜,['thế'],tì
屝,['phỉ'],fèi
屢,['lũ'],lǚ
層,['tầng'],céng
屧,['tiệp'],xiè
屨,['lũ'],jù
屪,['liêu'],liáo
屮,['triệt'],chè
屴,['lực'],lì
屹,['ngật'],yì
屼,['ngột'],wù
岅,['phản'],bǎn
岈,['ha'],yá
岊,['tiết'],jié
岌,['ngập'],jí
岍,['khiên'],qiān
岑,['sầm'],cén
岒,['kiềm'],qián
岝,['trách'],zuò
岞,['trách'],zuò
岡,['cương'],gāng
岢,['khả'],kě
岧,['thiều'],tiáo
岨,['thư'],qū
岩,['nham'],yán
岫,['tụ'],xiù
岬,['giáp'],jiǎ
岱,['đại'],dài
岳,['nhạc'],yuè
岵,['hỗ'],hù
岸,['ngạn'],àn
岹,['thiều'],tiáo
峇,['khạp'],bā
峋,['tuân'],xún
峚,['mật'],mì
峞,['quỵ'],wéi
峨,['nga'],é
峩,['nga'],é
峭,['tiễu'],qiào
峯,['phong'],fēng
峰,['phong'],fēng
島,['đảo'],dǎo
峻,['tuấn'],jùn
崁,['khám'],kàn
崇,['sùng'],chóng
崋,['hoa'],huà
崌,['cư'],jū
崍,['lai'],lái
崑,['côn'],kūn
崖,['nhai'],yá
崗,['cương'],gǎng
崚,['lăng'],léng
崛,['quật'],jué
崞,['quách'],guō
崢,['tranh'],zhēng
崦,['yêm'],yān
崧,['tung'],sōng
崩,['băng'],bēng
崮,['cố'],gù
崳,['du'],yú
崴,['uy'],wǎi
崿,['ngạc'],è
嵂,['luật'],lǜ
嵇,['kê'],jī
嵊,['thặng'],shèng
嵐,['lam'],lán
嵒,['nham'],yán
嵗,['tuế'],suì
嵩,['tung'],sōng
嵫,['tư'],zī
嵯,['tha'],cuó
嵺,['lũ'],liáo
嵾,['sâm'],cēn
嶁,['lũ'],lǒu
嶂,['chướng'],zhàng
嶅,['ngao'],áo
嶇,['khu'],qū
嶋,['đảo'],dǎo
嶌,['đảo'],dǎo
嶒,['tằng'],céng
嶓,['ba'],bō
嶗,['lao'],láo
嶙,['lân'],lín
嶝,['đặng'],dèng
嶞,['đoạ'],duò
嶟,['tôn'],zūn
嶡,['quyết'],guì
嶢,['nghiêu'],yáo
嶧,['dịch'],yì
嶪,['nghiệp'],yè
嶫,['nghiệp'],yè
嶮,['hiểm'],xiǎn
嶰,['giải'],xiè
嶲,['tây'],xī
嶴,['áo'],ào
嶸,['vanh'],róng
嶽,['nhạc'],yuè
巃,['lung'],lóng
巆,['vanh'],róng
巉,['sàm'],chán
巍,['nguy'],wēi
巒,['loan'],luán
巓,['điên'],diān
巔,['điên'],diān
巖,['nham'],yán
巜,['quái'],kuài
川,['xuyên'],chuān
州,['châu'],zhōu
巟,['hoang'],huāng
巠,['kinh'],jīng
巢,['sào'],cháo
巣,['sào'],cháo
工,['công'],gōng
巧,['xảo'],qiǎo
巫,['vu'],wū
已,['dĩ'],yǐ
巴,['ba'],bā
巵,['chi'],zhī
巷,['hạng'],xiàng
巹,['cẩn'],jǐn
巻,['quyển'],juàn
巽,['tốn'],xùn
巾,['cân'],jīn
市,['thị'],shì
布,['bố'],bù
帄,['đinh'],dīng
帋,['chỉ'],zhǐ
帘,['liêm'],lián
帛,['bạch'],bó
帝,['đế'],dì
帡,['bình'],píng
帣,['quyến'],juǎn
帨,['thuế'],shuì
師,['sư'],shī
帬,['quần'],qún
席,['tịch'],xí
帰,['quy'],guī
帲,['bình'],píng
帳,['trướng'],zhàng
帷,['duy'],wéi
常,['thường'],cháng
帽,['mạo'],mào
幀,['tránh'],zhèng
幄,['ác'],wò
幇,['bang'],bāng
幈,['bình'],píng
幋,['bàn'],pán
幌,['hoảng'],huǎng
幏,['giá'],jià
幑,['huy'],huī
幔,['mạn'],màn
幗,['quắc'],guó
幘,['trách'],zé
幙,['mạc'],mù
幚,['bang'],bāng
幟,['xí'],zhì
幠,['hu'],hū
幣,['tệ'],bì
幦,['mịch'],mì
幩,['phần'],fén
幪,['mông'],méng
幫,['bang'],bāng
幮,['trù'],chú
年,['niên'],nián
幵,['kiên'],jiān
幸,['hạnh'],xìng
幽,['u'],yōu
庀,['phỉ'],pǐ
床,['sàng'],chuáng
序,['tự'],xù
底,['để'],dǐ
店,['điếm'],diàn
庚,['canh'],gēng
府,['phủ'],fǔ
庠,['tường'],xiáng
庥,['hưu'],xiū
庫,['khố'],kù
庵,['am'],ān
庶,['thứ'],shù
庹,['thoả'],tuǒ
庽,['ngụ'],yù
庾,['dữu'],yǔ
庿,['miếu'],miào
廀,['sưu'],sōu
廄,['cứu'],jiù
廆,['hối'],guī
廈,['hạ'],shà
廉,['liêm'],lián
廊,['lang'],láng
廋,['sưu'],sōu
廏,['cứu'],jiù
廐,['cứu'],jiù
廒,['ngao'],áo
廚,['trù'],chú
廛,['triền'],chán
廝,['tư'],sī
廟,['miếu'],miào
廠,['xưởng'],chǎng
廢,['phế'],fèi
廥,['quái'],kuài
廧,['tường'],qiáng
廩,['lẫm'],lǐn
廱,['ung'],yōng
廴,['dẫn'],yǐn
廵,['tuần'],xún
廷,['đình'],tíng
廸,['địch'],dí
廻,['hồi'],huí
廼,['nãi'],nǎi
弄,['lộng'],nòng
弈,['dịch'],yì
弋,['dặc'],yì
弌,['nhất'],yī
弍,['nhị'],èr
弎,['tam'],sān
式,['thức'],shì
弒,['thí'],shì
弓,['cung'],gōng
弗,['phất'],fú
弘,['hoằng'],hóng
弛,['thỉ'],chí
弝,['bá'],bà
弢,['thao'],tāo
弣,['phủ'],fǔ
弤,['để'],dǐ
弦,['huyền'],xián
弨,['siêu'],chāo
弩,['nỗ'],nǔ
弮,['khuyên'],quān
弰,['sao'],shāo
弱,['nhược'],ruò
弶,['cương'],jiàng
弼,['bật'],bì
彀,['cấu'],gòu
彄,['khu'],kōu
彎,['loan'],wān
彔,['lục'],lù
彖,['thoán'],tuàn
彗,['tuệ'],huì
彘,['trệ'],zhì
彛,['di'],yí
彞,['di'],yí
彠,['hoạch'],yuē
形,['hình'],xíng
彤,['đồng'],tóng
彥,['ngạn'],yàn
彧,['úc'],yù
彪,['bưu'],biāo
彫,['điêu'],diāo
彬,['bân'],bīn
彰,['chương'],zhāng
影,['ảnh'],yǐng
役,['dịch'],yì
彼,['bỉ'],bǐ
彽,['đê'],dī
彿,['phất'],fú
往,['vãng'],wǎng
徂,['tồ'],cú
徃,['vãng'],wǎng
待,['đãi'],dài
徉,['dương'],yáng
徊,['hồi'],huái
律,['luật'],lǜ
徐,['từ'],xú
徑,['kính'],jìng
徒,['đồ'],tú
従,['tòng'],cóng
得,['đắc'],dé
徘,['bồi'],pái
徜,['thảng'],cháng
徧,['biến'],biàn
徨,['hoàng'],huáng
循,['tuần'],xún
徭,['dao'],yáo
徳,['đức'],dé
德,['đức'],dé
徹,['triệt'],chè
徽,['huy'],huī
心,['tâm'],xīn
忄,['tâm'],xin
必,['tất'],bì
忉,['đao'],dāo
忍,['nhẫn'],rěn
忒,['thắc'],tè
志,['chí'],zhì
忙,['mang'],máng
応,['ưng'],yīng
忝,['thiểm'],tiǎn
忞,['mân'],mín
忠,['trung'],zhōng
忤,['ngỗ'],wǔ
忪,['chung'],sōng
快,['khoái'],kuài
忭,['biện'],biàn
忱,['thầm'],chén
忲,['thái'],tài
念,['niệm'],niàn
忺,['hiêm'],xiān
忽,['hốt'],hū
忿,['phẫn'],fèn
怊,['siêu'],chāo
怍,['tạc'],zuò
怏,['ưởng'],yàng
怒,['nộ'],nù
怔,['chinh'],zhēng
怙,['hỗ'],hù
怛,['đát'],dá
怞,['du'],chóu
怠,['đãi'],dài
怡,['di'],yí
急,['cấp'],jí
怦,['phanh'],pēng
性,['tính'],xìng
怩,['ni'],ní
怪,['quái'],guài
怭,['tất'],bì
怯,['khiếp'],qiè
怱,['thông'],cōng
怲,['bính'],bǐng
怳,['hoảng'],huǎng
怵,['truật'],chù
恃,['thị'],shì
恇,['khuông'],kuāng
恉,['chỉ'],zhǐ
恍,['hoảng'],huǎng
恔,['hiệu'],jiǎo
恕,['thứ'],shù
恙,['dạng'],yàng
恛,['hồi'],huí
恝,['kiết'],jiá
恟,['hung'],xiōng
恠,['quái'],guài
恡,['lận'],lìn
恢,['khôi'],huī
恤,['tuất'],xù
恥,['sỉ'],chǐ
恧,['nục'],nǜ
恨,['hận'],hèn
恩,['ân'],ēn
恪,['khác'],kè
恬,['điềm'],tián
恭,['cung'],gōng
息,['tức'],xī
恿,['dũng'],yǒng
悀,['dũng'],yǒng
悃,['khổn'],kǔn
悅,['duyệt'],yuè
悆,['dự'],yù
悉,['tất'],xī
悊,['triết'],zhé
悍,['hãn'],hàn
悐,['thích'],tì
悒,['ấp'],yì
悕,['hy'],xī
悚,['tủng'],sǒng
悞,['ngộ'],wù
悟,['ngộ'],wù
悠,['du'],yōu
患,['hoạn'],huàn
悤,['thông'],cōng
悧,['lợi'],lì
悪,['ác'],è
悰,['tông'],cóng
悱,['phỉ'],fěi
悲,['bi'],bēi
悳,['đức'],dé
悴,['tuỵ'],cuì
悵,['trướng'],chàng
悷,['lệ'],lì
悸,['quý'],jì
悻,['hãnh'],xìng
悽,['thê'],qī
悾,['không'],kōng
惄,['nịch'],nì
情,['tình'],qíng
惆,['trù'],chóu
惇,['đôn'],dūn
惈,['quả'],guǒ
惌,['uyên'],yuān
惑,['hoặc'],huò
惘,['võng'],wǎng
惜,['tích'],xī
惟,['duy'],wéi
惠,['huệ'],huì
惥,['dũng'],yǒng
惦,['điếm'],diàn
惪,['đức'],dé
惱,['não'],nǎo
惲,['uẩn'],yùn
想,['tưởng'],xiǎng
惴,['chuý'],zhuì
惶,['hoàng'],huáng
惷,['xuẩn'],chǔn
惸,['quỳnh'],qióng
惻,['trắc'],cè
愁,['sầu'],chóu
愆,['khiên'],qiān
愈,['dũ'],yù
愍,['mẫn'],mǐn
愎,['phức'],bì
愐,['miễn'],miǎn
愓,['đãng'],dàng
愕,['ngạc'],è
愙,['khác'],kè
愚,['ngu'],yú
愛,['ái'],ài
愣,['lăng'],lèng
愧,['quý'],kuì
愫,['tố'],sù
愷,['khải'],kǎi
愼,['thận'],shèn
愽,['bác'],bó
愿,['nguyện'],yuàn
慁,['hỗn'],hùn
慂,['dũng'],yǒng
慄,['lật'],lì
慆,['thao'],tāo
慇,['ân'],yīn
慉,['súc'],xù
態,['thái'],tài
慎,['thận'],shèn
慕,['mộ'],mù
慘,['thảm'],cǎn
慙,['tàm'],cán
慚,['tàm'],cán
慝,['thắc'],tè
慢,['mạn'],màn
慣,['quán'],guàn
慥,['tháo'],zào
慨,['khái'],kǎi
慪,['âu'],òu
慱,['đoàn'],tuán
慷,['khảng'],kāng
慼,['thích'],qī
慽,['thích'],qī
慾,['dục'],yù
憀,['liêu'],liáo
憂,['ưu'],yōu
憇,['khế'],qì
憍,['kiêu'],jiāo
憎,['tăng'],zēng
憒,['hội'],kuì
憔,['tiều'],qiáo
憖,['ngận'],yìn
憩,['khế'],qì
憪,['hàn'],xián
憫,['mẫn'],mǐn
憬,['cảnh'],jǐng
憯,['thảm'],cǎn
憲,['hiến'],xiàn
憶,['ức'],yì
憷,['sở'],chù
憸,['tiêm'],xiān
懂,['đổng'],dǒng
懃,['cần'],qín
懅,['cứ'],jù
懇,['khẩn'],kěn
懈,['giải'],xiè
懋,['mậu'],mào
懌,['dịch'],yì
懍,['lẫm'],lǐn
懠,['tê'],qí
懣,['muộn'],mèn
懤,['trù'],chóu
懨,['yêm'],yān
懫,['chí'],zhì
懮,['ưu'],yǒu
懲,['trừng'],chéng
懷,['hoài'],huái
懸,['huyền'],xuán
懺,['sám'],chàn
懼,['cụ'],jù
懾,['nhiếp'],shè
懿,['ý'],yì
戀,['luyến'],liàn
戈,['qua'],gē
戊,['mậu'],wù
戌,['tuất'],xū
戍,['thú'],shù
戎,['nhung'],róng
成,['thành'],chéng
我,['ngã'],wǒ
戒,['giới'],jiè
戕,['tường'],qiāng
戛,['kiết'],jiá
戞,['kiết'],jiá
戟,['kích'],jǐ
戡,['kham'],kān
戢,['tập'],jí
戣,['quỳ'],kuí
戥,['đẳng'],děng
截,['tiệt'],jié
戮,['lục'],lù
戰,['chiến'],zhàn
戶,['hộ'],hù
戸,['hộ'],hù
戹,['ách'],è
戺,['sĩ'],shì
戼,['mão'],mǎo
所,['sở'],suǒ
扆,['ỷ'],yǐ
扈,['hỗ'],hù
扉,['phi'],fēi
手,['thủ'],shǒu
扌,['thủ'],shou
才,['tài'],cái
扎,['trát'],zhā
扐,['lặc'],lè
托,['thác'],tuō
扤,['ngột'],wù
扭,['nữu'],niǔ
扯,['xả'],chě
批,['phê'],pī
扻,['tiết'],zhì
扼,['ách'],è
抄,['sao'],chāo
抈,['nguyệt'],yuè
抉,['quyết'],jué
抌,['thẩm'],dǎn
抑,['ức'],yì
抒,['trữ'],shū
抖,['đẩu'],dǒu
抗,['kháng'],kàng
抝,['ảo'],ǎo
択,['trạch'],zé
抴,['duệ'],yè
抶,['sất'],chì
抹,['mạt'],mǒ
押,['áp'],yā
抽,['trừu'],chōu
抿,['mân'],mǐn
拄,['trụ'],zhǔ
拇,['mẫu'],mǔ
拈,['niêm'],niān
拉,['lạp'],lā
拋,['phao'],pāo
拎,['linh'],līn
拐,['quải'],guǎi
拑,['kiềm'],qián
拙,['chuyết'],zhuō
拜,['bái'],bài
拝,['bái'],bài
拪,['thiên'],qiān
拫,['ngân'],hén
拭,['thức'],shì
拱,['củng'],gǒng
拳,['quyền'],quán
拴,['thuyên'],shuān
拶,['tạt'],zā
拷,['khảo'],kǎo
拽,['duệ'],zhuāi
拿,['nã'],ná
持,['trì'],chí
指,['chỉ'],zhǐ
按,['án'],àn
挌,['cách'],gé
挍,['hiệu'],jiào
挓,['trát'],zhā
挪,['na'],nuó
挫,['toả'],cuò
挵,['lộng'],nòng
挹,['ấp'],yì
挺,['đĩnh'],tǐng
挽,['vãn'],wǎn
捅,['thống'],tǒng
捉,['tróc'],zhuō
捌,['bát'],bā
捏,['niết'],niē
捐,['quyên'],juān
捗,['duệ'],bù
捘,['tuấn'],zùn
捨,['xả'],shě
捫,['môn'],mén
捺,['nại'],nà
捽,['tốt'],zuó
掄,['luân'],lūn
掇,['xuyết'],duō
掌,['chưởng'],zhǎng
掍,['cổn'],hùn
掏,['đào'],tāo
掐,['kháp'],qiā
排,['bài'],pái
掖,['dịch'],yē
掘,['quật'],jué
掛,['quải'],guà
掠,['lược'],lüè
掤,['băng'],bīng
接,['tiếp'],jiē
掩,['yểm'],yǎn
掬,['cúc'],jū
掮,['kiên'],qián
掯,['khẳng'],kèn
掾,['duyện'],yuàn
揄,['du'],yú
揅,['nghiên'],yán
揆,['quỹ'],kuí
揌,['tai'],sāi
揎,['tuyên'],xuān
描,['miêu'],miáo
揚,['dương'],yáng
換,['hoán'],huàn
揜,['yểm'],yǎn
揞,['yêm'],ǎn
揮,['huy'],huī
揸,['tra'],zhā
揹,['bội'],bēi
搇,['khấm'],qìn
搌,['triển'],zhǎn
損,['tổn'],sǔn
搎,['tôn'],sūn
搐,['súc'],chù
搗,['đảo'],dǎo
搘,['chi'],zhī
搛,['kiêm'],jiān
搞,['cảo'],gǎo
搠,['sóc'],shuò
搡,['táng'],sǎng
搢,['tấn'],jìn
搣,['diệt'],miè
搤,['ách'],è
搨,['tháp'],tà
搪,['đường'],táng
搲,['oa'],wā
搴,['khiên'],qiān
搽,['trà'],chá
搾,['trá'],zhà
搿,['cách'],gé
摀,['ô'],wǔ
摁,['ấn'],èn
摏,['thung'],chōng
摓,['phùng'],féng
摔,['suất'],shuāi
摘,['trích'],zhāi
摙,['liễn'],liǎn
摛,['si'],chī
摜,['quán'],guàn
摞,['loa'],luò
摟,['lâu'],lǒu
摠,['tổng'],zǒng
摩,['ma'],mó
摮,['ngao'],áo
摯,['chí'],zhì
摲,['sảm'],chàn
摳,['khu'],kōu
摹,['mô'],mó
撂,['lược'],liào
撃,['kích'],jī
撆,['biết'],piē
撇,['phiết'],piē
撊,['giản'],xiàn
撋,['nhuyên'],ruán
撓,['nạo'],náo
撝,['huy'],huī
撡,['thao'],cāo
撤,['triệt'],chè
撦,['xả'],chě
撬,['khiêu'],qiào
撮,['toát'],cuō
撳,['khấm'],qìn
撻,['thát'],tà
撼,['hám'],hàn
撽,['khiếu'],qiào
撾,['qua'],wō
擀,['cán'],gǎn
擄,['lỗ'],lǔ
擅,['thiện'],shàn
擇,['trạch'],zé
擊,['kích'],jī
擎,['kình'],qíng
擒,['cầm'],qín
擓,['khối'],kuǎi
擕,['huề'],xié
據,['cứ'],jù
擢,['trạc'],zhuó
擣,['đảo'],dǎo
擥,['lãm'],lǎn
擦,['sát'],cā
擧,['cử'],jǔ
擫,['áp'],yè
擬,['nghĩ'],nǐ
擱,['các'],gē
擲,['trịch'],zhì
擷,['hiệt'],xié
擻,['tẩu'],sǒu
擽,['lịch'],lüè
擾,['nhiễu'],rǎo
攃,['thát'],cā
攄,['sư'],shū
攆,['niện'],niǎn
攈,['quấn'],jùn
攉,['hoắc'],huō
攐,['khiên'],qiān
攓,['kiển'],qiān
攙,['sam'],chān
攜,['huề'],xié
攝,['nhiếp'],shè
攟,['quấn'],jùn
攤,['than'],tān
攧,['điên'],diān
攩,['đảng'],dǎng
攬,['lãm'],lǎn
攮,['nãng'],nǎng
支,['chi'],zhī
攲,['khi'],qī
攷,['khảo'],kǎo
攸,['du'],yōu
改,['cải'],gǎi
攺,['cải'],yǐ
攻,['công'],gōng
敁,['điêm'],diān
敂,['khấu'],kòu
故,['cố'],gù
效,['hiệu'],xiào
敉,['mị'],mǐ
敍,['tự'],xù
敏,['mẫn'],mǐn
救,['cứu'],jiù
敓,['thoát'],duó
敔,['ngữ'],yǔ
敕,['sắc'],chì
敗,['bại'],bài
敘,['tự'],xù
敜,['niếp'],niè
敝,['tệ'],bì
敢,['cảm'],gǎn
敫,['kiểu'],jiǎo
敬,['kính'],jìng
敭,['dương'],yáng
敱,['ngai'],ái
敲,['xao'],qiāo
整,['chỉnh'],zhěng
敵,['địch'],dí
敷,['phu'],fū
敹,['liêu'],liáo
敽,['kiểu'],jiǎo
斈,['học'],xué
斉,['tề'],qí
斌,['bân'],bīn
斎,['trai'],zhāi
斑,['ban'],bān
斒,['ban'],bān
斕,['lan'],lán
斛,['hộc'],hú
斝,['giả'],jiǎ
斞,['dữu'],yǔ
斟,['châm'],zhēn
斥,['xích'],chì
斧,['phủ'],fǔ
斨,['thương'],qiāng
斫,['chước'],zhuó
斬,['trảm'],zhǎn
斯,['tư'],sī
新,['tân'],xīn
斲,['trác'],zhuó
斵,['trác'],zhuó
斾,['bái'],pèi
旃,['chiên'],zhān
旅,['lữ'],lǚ
旆,['bái'],pèi
旊,['phưởng'],fǎng
旌,['tinh'],jīng
旐,['triệu'],zhào
旒,['lưu'],liú
旓,['sao'],shāo
旛,['phan'],fān
旝,['quái'],kuài
旟,['dư'],yú
旤,['hoạ'],huò
旦,['đán'],dàn
旨,['chỉ'],zhǐ
早,['tảo'],zǎo
旪,['hiệp'],xié
旭,['húc'],xù
旮,['ca'],gā
旯,['lạp'],lá
旱,['hạn'],hàn
旺,['vượng'],wàng
旻,['mân'],mín
旼,['mân'],mín
旾,['xuân'],chūn
昀,['quân'],yún
昂,['ngang'],áng
昃,['trắc'],zè
昄,['bản'],bǎn
昆,['côn'],kūn
昇,['thăng'],shēng
昉,['phưởng'],fǎng
昊,['hạo'],hào
昌,['xương'],chāng
明,['minh'],míng
昒,['hốt'],hū
昕,['hân'],xīn
昚,['thận'],shèn
昜,['dương'],yáng
昝,['tảm'],zǎn
星,['tinh'],xīng
映,['ánh'],yìng
昡,['huyễn'],xuàn
春,['xuân'],chūn
昨,['tạc'],zuó
昬,['hôn'],hūn
是,['thị'],shì
昱,['dục'],yù
昴,['mão'],mǎo
晄,['hoảng'],huǎng
晅,['huyên'],xuǎn
晉,['tấn'],jìn
晒,['sái'],shài
晗,['hàm'],hán
晚,['vãn'],wǎn
晛,['hiện'],xiàn
晜,['côn'],kūn
晝,['trú'],zhòu
晡,['bô'],bū
晢,['triết'],zhé
晤,['ngộ'],wù
晦,['hối'],huì
晨,['thần'],chén
晩,['vãn'],wǎn
晫,['trác'],zhuó
晬,['tối'],zuì
普,['phổ'],pǔ
晰,['tích'],xī
晴,['tình'],qíng
晶,['tinh'],jīng
晷,['quỹ'],guǐ
智,['trí'],zhì
暄,['huyên'],xuān
暆,['di'],yí
暉,['huy'],huī
暌,['khuê'],kuí
暎,['ánh'],yìng
暐,['vĩ'],wěi
暑,['thử'],shǔ
暘,['dương'],yáng
暢,['sướng'],chàng
暦,['lịch'],lì
暫,['tạm'],zàn
暮,['mộ'],mù
暵,['hán'],hàn
曄,['diệp'],yè
曆,['lịch'],lì
曇,['đàm'],tán
曈,['đồng'],tóng
曉,['hiểu'],xiǎo
曌,['chiếu'],zhào
曖,['ái'],ài
曙,['thự'],shǔ
曚,['mông'],méng
曛,['huân'],xūn
曜,['diệu'],yào
曝,['bộc'],pù
曠,['khoáng'],kuàng
曡,['điệp'],dié
曬,['sái'],shài
曰,['viết'],yuē
曲,['khúc'],qū
曳,['duệ'],yè
書,['thư'],shū
曹,['tào'],cáo
曽,['tằng'],cēng
替,['thế'],tì
最,['tối'],zuì
朁,['thảm'],cǎn
朅,['khiết'],qiè
朆,['phân'],fēn
月,['nguyệt'],yuè
朋,['bằng'],péng
服,['phục'],fú
朏,['phỉ'],fěi
朐,['cù'],qú
朔,['sóc'],shuò
朕,['trẫm'],zhèn
朗,['lãng'],lǎng
朙,['minh'],míng
望,['vọng'],wàng
朢,['vọng'],wàng
朣,['đồng'],tóng
朦,['mông'],méng
木,['mộc'],mù
末,['mạt'],mò
札,['trát'],zhá
朮,['truật'],shù
朳,['bát'],bā
朵,['đoá'],duǒ
朶,['đoá'],duǒ
朽,['hủ'],xiǔ
朾,['tranh'],chéng
朿,['thứ'],cì
杅,['vu'],yú
杇,['ô'],wū
杌,['ngột'],wù
杏,['hạnh'],xìng
材,['tài'],cái
村,['thôn'],cūn
杗,['mang'],máng
杜,['đỗ'],dù
杧,['mang'],máng
杭,['hàng'],háng
杯,['bôi'],bēi
杰,['kiệt'],jié
東,['đông'],dōng
杲,['cảo'],gǎo
板,['bản'],bǎn
枉,['uổng'],wǎng
枊,['ngang'],àng
枌,['phần'],fén
枏,['nam'],nán
析,['tích'],xī
林,['lâm'],lín
枘,['nhuế'],ruì
枚,['mai'],méi
果,['quả'],guǒ
枯,['khô'],kū
枳,['chỉ'],zhǐ
枴,['quải'],guǎi
枵,['hiêu'],xiāo
架,['giá'],jià
柃,['linh'],líng
柄,['bính'],bǐng
柊,['chung'],zhōng
某,['mỗ'],mǒu
柒,['thất'],qī
染,['nhiễm'],rǎn
柔,['nhu'],róu
柝,['thác'],tuò
柟,['nam'],nán
柣,['trật'],zhì
查,['tra'],chá
柩,['cữu'],jiù
柬,['giản'],jiǎn
柯,['kha'],kē
柰,['nại'],nài
柲,['biết'],bì
柳,['liễu'],liǔ
柷,['chúc'],chù
栃,['lệ'],lì
栄,['vinh'],róng
栔,['khế'],qì
栗,['lật'],lì
栘,['di'],yí
栭,['nhi'],ér
栰,['phạt'],fá
栱,['củng'],gǒng
栲,['khảo'],kǎo
栳,['lão'],lǎo
栴,['chiên'],zhān
根,['căn'],gēn
栻,['thức'],shì
桂,['quế'],guì
桃,['đào'],táo
框,['khung'],kuāng
案,['án'],àn
桌,['trác'],zhuō
桑,['tang'],sāng
桓,['hoàn'],huán
桕,['cữu'],jiù
桚,['tạt'],zǎn
桫,['sa'],suō
桮,['bôi'],bēi
桲,['bột'],po
桷,['giác'],jué
桹,['lang'],láng
桺,['liễu'],liǔ
梁,['lương'],liáng
梃,['đĩnh'],tǐng
梅,['mai'],méi
梆,['bang'],bāng
梏,['cốc'],gù
梐,['bệ'],bì
梓,['tử'],zǐ
梔,['chi'],zhī
梟,['kiêu'],xiāo
梠,['lữ'],lǚ
梡,['khoản'],hún
梣,['sầm'],cén
梨,['lê'],lí
梩,['tỷ'],lí
梯,['thê'],tī
械,['giới'],xiè
梳,['sơ'],shū
梴,['siên'],chān
梹,['tân'],bīn
棁,['chuyết'],zhuō
棃,['lê'],lí
棄,['khí'],qì
棉,['miên'],mián
棐,['phỉ'],fěi
棒,['bổng'],bàng
棕,['tông'],zōng
棘,['cức'],jí
棜,['ứ'],yù
棟,['đống'],dòng
棠,['đường'],táng
棫,['vực'],yù
森,['sâm'],sēn
棯,['nhẫm'],rěn
棱,['lăng'],léng
棳,['xuyết'],zhuō
棸,['trâu'],zōu
棻,['phân'],fēn
棼,['phần'],fén
椄,['tiếp'],jiē
椆,['chu'],chóu
椈,['cúc'],jú
椉,['thừa'],chéng
椏,['nha'],yā
椒,['tiêu'],jiāo
椳,['ôi'],wēi
椴,['đoạn'],duàn
椶,['tông'],zōng
椸,['di'],yí
椾,['tiên'],jiān
楀,['vũ'],yǔ
楊,['dương'],yáng
楓,['phong'],fēng
楘,['mộc'],mù
楙,['mậu'],mào
楚,['sở'],chǔ
楝,['luyện'],liàn
楞,['lăng'],léng
楟,['đình'],tíng
楠,['nam'],nán
楨,['trinh'],zhēn
楩,['tiện'],pián
楪,['điệp'],yè
楫,['tiếp'],jí
業,['nghiệp'],yè
楮,['chử'],chǔ
楯,['thuẫn'],dùn
楰,['du'],yú
極,['cực'],jí
楸,['thu'],qiū
楹,['doanh'],yíng
楽,['lạc'],lè
榆,['du'],yú
榎,['giả'],jiǎ
榔,['lang'],láng
榖,['cốc'],gǔ
榘,['củ'],jǔ
榤,['kiệt'],jié
榥,['hoảng'],huàng
榧,['phỉ'],fěi
榨,['trá'],zhà
榫,['chuẩn'],sǔn
榭,['tạ'],xiè
榮,['vinh'],róng
榰,['chi'],zhī
榱,['suy'],cuī
榻,['tháp'],tà
榾,['cốt'],gǔ
榿,['khi'],qī
槀,['cảo'],gǎo
槃,['bàn'],pán
構,['cấu'],gòu
槎,['tra'],chá
槐,['hoè'],huái
槑,['mai'],méi
槓,['cống'],gàng
槔,['cao'],gāo
槖,['thác'],tuó
様,['dạng'],yàng
槢,['tập'],xí
槤,['liên'],lián
槥,['tuệ'],huì
槨,['quách'],guǒ
槩,['khái'],gài
槮,['sâm'],sēn
槲,['hộc'],hú
槵,['hoạn'],huàn
槹,['cao'],gāo
槺,['khang'],kāng
槻,['quy'],guī
槼,['quy'],guī
槽,['tào'],cáo
槾,['man'],màn
樅,['tung'],cōng
樆,['ly'],lí
樐,['lỗ'],lǔ
樑,['lương'],liáng
樓,['lâu'],lóu
樛,['cù'],jiū
樞,['xu'],shū
樟,['chương'],zhāng
樠,['man'],mán
模,['mô'],mó
樣,['dạng'],yàng
樧,['sát'],shā
樨,['tê'],xī
権,['quyền'],quán
樲,['nhị'],èr
樴,['chức'],zhí
樵,['tiều'],qiáo
樺,['hoa'],huà
樻,['quỹ'],kuì
樽,['tôn'],zūn
樾,['việt'],yuè
樿,['thiện'],shàn
橃,['phạt'],fá
橄,['cảm'],gǎn
橐,['thác'],tuó
橘,['quýt'],jú
橛,['quyết'],jué
橜,['quyết'],jué
橡,['tượng'],xiàng
橾,['táo'],shū
橿,['cương'],jiāng
檀,['đàn'],tán
檁,['lẫm'],lǐn
檃,['ổn'],yǐn
檄,['hịch'],xí
檇,['tuy'],zuì
檉,['sanh'],chēng
檊,['cán'],gàn
檍,['ức'],yì
檎,['cầm'],qín
檑,['lôi'],léi
檜,['cối'],guì
檝,['tiếp'],jí
檟,['giả'],jiǎ
檢,['kiểm'],jiǎn
檣,['tường'],qiáng
檬,['mông'],méng
檮,['đào'],táo
檳,['tân'],bīn
檻,['hạm'],kǎn
櫆,['khôi'],kuí
櫈,['đắng'],dèng
櫌,['ưu'],yōu
櫓,['lỗ'],lǔ
櫛,['trất'],zhì
櫜,['cao'],gāo
櫝,['độc'],dú
櫞,['duyên'],yuán
櫡,['trước'],zhuó
櫥,['trù'],chú
櫧,['chư'],zhū
櫨,['lô'],lú
櫪,['lịch'],lì
櫫,['trư'],zhū
櫱,['nghiệt'],niè
櫸,['cử'],jǔ
櫺,['linh'],líng
櫻,['anh'],yīng
欃,['sàm'],chán
欄,['lan'],lán
權,['quyền'],quán
欎,['uất'],yù
欏,['la'],luó
欐,['lệ'],lì
欒,['loan'],luán
欖,['lãm'],lǎn
欙,['luy'],léi
欛,['bá'],bà
欝,['uất'],yù
欞,['linh'],líng
欠,['khiếm'],qiàn
欣,['hân'],xīn
欨,['hu'],xū
欲,['dục'],yù
欵,['khoản'],kuǎn
欶,['sóc'],shuò
欺,['khi'],qī
款,['khoản'],kuǎn
欿,['khảm'],kǎn
歃,['sáp'],shà
歆,['hâm'],xīn
歈,['du'],yú
歉,['khiểm'],qiàn
歊,['hiêu'],xiāo
歌,['ca'],gē
歎,['thán'],tàn
歓,['hoan'],huān
歔,['hư'],xū
歘,['hốt'],chuā
歛,['liễm'],hān
歜,['xúc'],chù
歟,['dư'],yú
歠,['xuyết'],chuò
歡,['hoan'],huān
此,['thử'],cǐ
步,['bộ'],bù
歩,['bộ'],bù
歫,['cự'],jù
歯,['xỉ'],chǐ
歰,['sáp'],sè
歲,['tuế'],suì
歳,['tuế'],suì
歴,['lịch'],lì
歷,['lịch'],lì
歺,['ngạt'],è
死,['tử'],sǐ
歿,['một'],mò
殀,['yểu'],yāo
殂,['tồ'],cú
殃,['ương'],yāng
殆,['đãi'],dài
殈,['hức'],xù
殊,['thù'],shū
殑,['căng'],qíng
殘,['tàn'],cán
殙,['hôn'],hūn
殛,['cức'],jí
殜,['triệp'],dié
殞,['vẫn'],yǔn
殠,['hú'],chòu
殣,['cận'],jìn
殤,['thương'],shāng
殥,['dần'],yín
殪,['ế'],yì
殰,['độc'],dú
殲,['tiêm'],jiān
殳,['thù'],shū
殸,['thanh'],qìng
殻,['xác'],qiào
殼,['xác'],ké
毀,['huỷ'],huǐ
毅,['nghị'],yì
毈,['đoạn'],duàn
毉,['y'],yī
毌,['quán'],guàn
毎,['mỗi'],měi
毐,['ải'],ǎi
毓,['dục'],yù
毖,['bí'],bì
毚,['sàm'],chán
毧,['nhung'],róng
毫,['hào'],háo
毬,['cầu'],qiú
毯,['thảm'],tǎn
毾,['tháp'],tà
毿,['tam'],sān
氄,['nhũng'],rǒng
氈,['chiên'],zhān
氉,['táo'],sào
氊,['chiên'],zhān
氌,['lỗ'],lǔ
氍,['cù'],qú
氓,['manh'],máng
氕,['phân'],piē
氖,['nãi'],nǎi
気,['khí'],qì
氘,['đao'],dāo
氙,['tiên'],xiān
氚,['xuyên'],chuān
氛,['phân'],fēn
氜,['dương'],yáng
氟,['phất'],fú
氠,['tiên'],shēn
氡,['đông'],dōng
氤,['nhân'],yīn
氥,['tây'],xī
氦,['hợi'],hài
氧,['dưỡng'],yǎng
氨,['an'],ān
氪,['khắc'],kè
氫,['khinh'],qīng
氬,['á'],yà
氮,['đạm'],dàn
氯,['lục'],lǜ
氰,['tình'],qíng
氳,['uân'],yūn
水,['thuỷ'],shuǐ
氵,['thuỷ'],shui
氷,['băng'],bīng
氹,['đãng'],dàng
氺,['thuỷ'],shuǐ
氾,['phiếm'],fàn
汀,['đinh'],tīng
求,['cầu'],qiú
汍,['hoàn'],wán
汐,['tịch'],xī
汛,['tấn'],xùn
汝,['nhữ'],rǔ
江,['giang'],jiāng
池,['trì'],chí
汧,['khiên'],qiān
汪,['uông'],wāng
汭,['nhuế'],ruì
汲,['cấp'],jí
汳,['biện'],biàn
汴,['biện'],biàn
汾,['phần'],fén
沃,['ốc'],wò
沄,['vân'],yún
沅,['nguyên'],yuán
沌,['độn'],dùn
沐,['mộc'],mù
沒,['một'],méi
沓,['đạp'],dá
沚,['chỉ'],zhǐ
沫,['mạt'],mò
沭,['thuật'],shù
沱,['đà'],tuó
河,['hà'],hé
油,['dầu'],yóu
沺,['điền'],tián
沼,['chiểu'],zhǎo
況,['huống'],kuàng
泃,['cú'],jū
泅,['tù'],qiú
泆,['dật'],yì
泇,['gia'],jiā
泌,['bí'],mì
泐,['lặc'],lè
泒,['cô'],gū
泓,['hoằng'],hóng
法,['pháp'],fǎ
泖,['mão'],mǎo
泗,['tứ'],sì
泚,['thử'],cǐ
泜,['trì'],zhī
泝,['tố'],sù
泠,['linh'],líng
波,['ba'],bō
泣,['khấp'],qì
注,['chú'],zhù
泭,['phu'],fú
泮,['phán'],pàn
泰,['thái'],tài
泳,['vịnh'],yǒng
泵,['bơm'],bèng
洄,['hồi'],huí
洊,['tiến'],jiàn
洋,['dương'],yáng
洌,['liệt'],liè
洏,['nhi'],ér
洑,['phục'],fú
洛,['lạc'],luò
洣,['mễ'],mǐ
津,['tân'],jīn
洧,['vị'],wěi
洨,['hào'],xiáo
洪,['hồng'],hóng
洭,['khuông'],kuāng
洲,['châu'],zhōu
洴,['bình'],píng
洶,['hung'],xiōng
流,['lưu'],liú
浄,['tịnh'],jìng
浚,['tuấn'],jùn
浞,['trác'],zhuó
浠,['hy'],xī
浡,['bột'],bó
浤,['hoành'],hóng
浥,['ấp'],yì
浩,['hạo'],hào
浭,['canh'],gēng
浮,['phù'],fú
浯,['ngô'],wú
浰,['lợi'],liàn
浴,['dục'],yù
海,['hải'],hǎi
浽,['tuy'],suī
涂,['đồ'],tú
消,['tiêu'],xiāo
涉,['thiệp'],shè
涊,['niễn'],niǎn
涌,['dũng'],yǒng
涐,['nga'],é
涓,['quyên'],juān
涔,['sầm'],cén
涖,['lị'],lì
涘,['sĩ'],sì
涪,['phù'],fú
涮,['xuyến'],shuàn
涯,['nhai'],yá
液,['dịch'],yè
涷,['đông'],dōng
涸,['hạc'],hé
涿,['trác'],zhuō
淂,['đắc'],dé
淆,['hào'],xiáo
淋,['lâm'],lín
淏,['hạo'],hào
淑,['thục'],shū
淘,['đào'],táo
淙,['tông'],cóng
淛,['chiết'],zhè
淝,['phì'],féi
淞,['tùng'],sōng
淟,['điến'],tiǎn
淤,['ứ'],yū
淥,['lục'],lù
淦,['cam'],gàn
淨,['tịnh'],jìng
淩,['lăng'],líng
淪,['luân'],lún
淫,['dâm'],yín
淮,['hoài'],huái
淯,['dục'],yù
深,['thâm'],shēn
淳,['thuần'],chún
淵,['uyên'],yuān
淶,['lai'],lái
淸,['thanh'],qīng
添,['thiêm'],tiān
渖,['thẩm'],shěn
渙,['hoán'],huàn
減,['giảm'],jiǎn
渝,['du'],yú
渟,['đình'],tíng
渡,['độ'],dù
渣,['tra'],zhā
渤,['bột'],bó
測,['trắc'],cè
渭,['vị'],wèi
渮,['ca'],hé
游,['du'],yóu
湅,['luyện'],liàn
湉,['điềm'],tián
湋,['vy'],wéi
湌,['xan'],cān
湍,['thoan'],tuān
湎,['miện'],miǎn
湑,['tư'],xū
湓,['bồn'],pén
湖,['hồ'],hú
湝,['giai'],jiē
湟,['hoàng'],huáng
湢,['bức'],bì
湧,['dũng'],yǒng
湱,['hoạch'],huò
湲,['viên'],yuán
湻,['thuần'],chún
溍,['tấn'],jìn
溏,['đường'],táng
源,['nguyên'],yuán
溘,['khạp'],kè
溛,['oa'],wā
溝,['câu'],gōu
溟,['minh'],míng
溢,['dật'],yì
溧,['lật'],lì
溮,['sư'],shī
溯,['tố'],sù
溳,['vân'],yún
溵,['ân'],yīn
溷,['hỗn'],hùn
溻,['thạp'],tā
溼,['thấp'],shī
溽,['nhục'],rù
滁,['trừ'],chú
滂,['bàng'],pāng
滃,['ổng'],wēng
滄,['thương'],cāng
滅,['diệt'],miè
滉,['hoảng'],huàng
滋,['tư'],zī
滌,['địch'],dí
滍,['trĩ'],zhì
滎,['huỳnh'],xíng
滓,['chỉ'],zǐ
滕,['đằng'],téng
滘,['khiếu'],jiào
滙,['hối'],huì
滛,['dâm'],yín
滝,['long'],lóng
滬,['hỗ'],hù
滮,['bưu'],biāo
滯,['trệ'],zhì
滷,['lỗ'],lǔ
滸,['hử'],hǔ
滹,['hô'],hū
滾,['cổn'],gǔn
漁,['ngư'],yú
漈,['tế'],jì
漉,['lộc'],lù
演,['diễn'],yǎn
漕,['tào'],cáo
漘,['thần'],chún
漙,['đoàn'],tuán
漠,['mạc'],mò
漢,['hán'],hàn
漣,['liên'],lián
漥,['oa'],wā
漦,['ly'],chí
漨,['bồng'],féng
漩,['tuyền'],xuán
漪,['y'],yī
漭,['mãng'],mǎng
漲,['trướng'],zhǎng
漳,['chương'],zhāng
漵,['tự'],xù
漶,['hoán'],huàn
漷,['khuếch'],huǒ
漾,['dạng'],yàng
漿,['tương'],jiāng
潎,['bệ'],pì
潑,['bát'],pō
潔,['khiết'],jié
潕,['vũ'],wǔ
潗,['tập'],jí
潛,['tiềm'],qián
潝,['hấp'],xī
潞,['lộ'],lù
潟,['tích'],xì
潤,['nhuận'],rùn
潯,['tầm'],xún
潰,['hội'],kuì
潲,['sảo'],shào
潷,['tiết'],bì
潸,['san'],shān
潺,['sàn'],chán
潼,['đồng'],tóng
潾,['lân'],lín
澀,['sáp'],sè
澁,['sáp'],sè
澂,['trừng'],chéng
澄,['trừng'],chéng
澈,['triệt'],chè
澎,['bành'],pēng
澐,['vân'],yún
澔,['hạo'],hào
澗,['giản'],jiàn
澟,['lẫm'],lǐn
澦,['dự'],yù
澧,['lễ'],lǐ
澫,['vạn'],wàn
澮,['quái'],huì
澰,['liễm'],liàn
澱,['điến'],diàn
澴,['hoàn'],huán
濂,['liêm'],lián
濃,['nồng'],nóng
濈,['trấp'],jí
濋,['sở'],chǔ
濔,['nhĩ'],mǐ
濛,['mông'],méng
濠,['hào'],háo
濤,['đào'],tāo
濩,['hoạch'],huò
濬,['tuấn'],jùn
濮,['bộc'],pú
濰,['duy'],wéi
濱,['tân'],bīn
濲,['cốc'],gǔ
濶,['khoát'],kuò
濾,['lự'],lǜ
濿,['lệ'],lì
瀌,['tiêu'],biāo
瀍,['triền'],chán
瀚,['hãn'],hàn
瀛,['doanh'],yíng
瀝,['lịch'],lì
瀞,['tịnh'],jìng
瀟,['tiêu'],xiāo
瀡,['tuỷ'],suǐ
瀱,['kế'],jì
瀲,['liễm'],liàn
瀳,['tiến'],jiàn
瀺,['sàm'],chán
瀾,['lan'],lán
灃,['phong'],fēng
灄,['nhiếp'],shè
灈,['cù'],qú
灋,['pháp'],fǎ
灒,['tán'],zàn
灖,['mị'],mǐ
灘,['than'],tān
灝,['hạo'],hào
灞,['bá'],bà
灣,['loan'],wān
灤,['loan'],luán
灪,['uất'],yù
火,['hoả'],huǒ
灬,['hoả'],biāo
灴,['hồng'],hōng
灶,['táo'],zào
灸,['cứu'],jiǔ
灼,['chước'],zhuó
災,['tai'],zāi
炁,['khí'],qì
炆,['văn'],wén
炒,['sao'],chǎo
炕,['kháng'],kàng
炘,['hân'],xīn
炫,['huyễn'],xuàn
炬,['cự'],jù
炭,['thán'],tàn
炰,['bào'],páo
炱,['đài'],tái
炷,['chú'],zhù
炻,['thạch'],shí
烈,['liệt'],liè
烊,['dương'],yáng
烏,['ô'],wū
烕,['diệt'],miè
烖,['tai'],zāi
烘,['hồng'],hōng
烙,['lạc'],lào
烤,['khảo'],kǎo
烯,['hy'],xī
烶,['diễn'],tǐng
烷,['hoàn'],wán
烹,['phanh'],pēng
烺,['lãng'],lǎng
烽,['phong'],fēng
焆,['yết'],juān
焌,['tuấn'],jùn
焐,['ngộ'],wù
焓,['hàm'],hán
焙,['bồi'],bèi
焞,['đôn'],tūn
焮,['hân'],xìn
焰,['diễm'],yàn
焱,['diễm'],yàn
然,['nhiên'],rán
煃,['khuể'],kuǐ
煅,['đoán'],duàn
煉,['luyện'],liàn
煊,['huyên'],xuān
煌,['hoàng'],huáng
煑,['chử'],zhǔ
煒,['vĩ'],wěi
煗,['noãn'],nuǎn
煙,['yên'],yān
煚,['quýnh'],jiǒng
煜,['dục'],yù
煝,['my'],mèi
煞,['sát'],shā
煠,['sáp'],zhá
煢,['quỳnh'],qióng
煤,['môi'],méi
煥,['hoán'],huàn
煦,['hú'],xù
照,['chiếu'],zhào
煩,['phiền'],fán
煮,['chử'],zhǔ
煳,['hồ'],hú
煸,['biên'],biān
煺,['thoái'],tuì
煻,['đường'],táng
煽,['phiến'],shān
熀,['hoảng'],huǎng
熄,['tức'],xī
熊,['hùng'],xióng
熏,['huân'],xūn
熒,['huỳnh'],yíng
熗,['sang'],qiàng
熘,['lựu'],liū
熟,['thục'],shú
熤,['tập'],yì
熥,['thông'],tēng
熬,['ngao'],áo
熰,['âu'],ōu
熱,['nhiệt'],rè
熳,['mạn'],màn
熸,['tiêm'],jiān
熿,['hoàng'],huáng
燁,['diệp'],yè
燂,['tầm'],tán
燃,['nhiên'],rán
燄,['diễm'],yàn
燈,['đăng'],dēng
燊,['sân'],shēn
燎,['liệu'],liáo
燐,['lân'],lín
燖,['tầm'],xún
燜,['muộn'],mèn
燡,['dịch'],yì
燥,['táo'],zào
燦,['xán'],càn
燧,['toại'],suì
燬,['huỷ'],huǐ
燭,['chúc'],zhú
燮,['tiếp'],xiè
燹,['tiển'],xiǎn
燻,['huân'],xūn
爇,['nhiệt'],ruò
爌,['hoảng'],kuàng
爍,['thước'],shuò
爕,['tiếp'],xiè
爗,['diệp'],yè
爚,['dược'],yuè
爛,['lạn'],làn
爝,['tước'],jué
爟,['quán'],guàn
爥,['chúc'],zhú
爨,['thoán'],cuàn
爪,['trảo'],zhǎo
爫,['trảo'],zhǎo
爯,['xưng'],chēng
爰,['viên'],yuán
爵,['tước'],jué
爻,['hào'],yáo
爽,['sảng'],shuǎng
牀,['sàng'],chuáng
牁,['ca'],kē
牂,['tang'],zāng
牆,['tường'],qiáng
片,['phiến'],piàn
版,['bản'],bǎn
牋,['tiên'],jiān
牌,['bài'],pái
牎,['song'],chuāng
牏,['du'],yú
牐,['sáp'],zhá
牒,['điệp'],dié
牓,['bảng'],bǎng
牕,['song'],chuāng
牘,['độc'],dú
牙,['nha'],yá
牚,['sanh'],chēng
牛,['ngưu'],niú
牜,['ngưu'],niú
牡,['mẫu'],mǔ
牣,['nhận'],rèn
牧,['mục'],mù
物,['vật'],wù
牮,['tiến'],jiàn
牯,['cổ'],gǔ
牲,['sinh'],shēng
牴,['để'],dǐ
牷,['toàn'],quán
牸,['tự'],zì
特,['đặc'],tè
牻,['mang'],máng
牼,['khanh'],kēng
犀,['tê'],xī
犁,['lê'],lí
犆,['đặc'],zhí
犇,['bôn'],bēn
犋,['cụ'],jù
犍,['kiền'],jiān
犎,['phong'],fēng
犒,['khao'],kào
犗,['giới'],jiè
犠,['hy'],xī
犢,['độc'],dú
犩,['nguy'],wéi
犪,['quỳ'],kuí
犬,['khuyển'],quǎn
犭,['khuyển'],quǎn
犮,['bạt'],bá
犯,['phạm'],fàn
犺,['kháng'],kàng
狀,['trạng'],zhuàng
狂,['cuồng'],kuáng
狉,['phi'],pī
狍,['bào'],páo
狎,['hiệp'],xiá
狐,['hồ'],hú
狒,['phí'],fèi
狓,['phi'],pí
狗,['cẩu'],gǒu
狘,['huyết'],xuè
狙,['thư'],jū
狡,['giảo'],jiǎo
狨,['nhung'],róng
狩,['thú'],shòu
狴,['bệ'],bì
狷,['quyến'],juàn
狹,['hẹp'],xiá
狺,['ngân'],yín
狻,['toan'],suān
狼,['lang'],láng
狽,['bái'],bèi
猂,['hãn'],hàn
猈,['bãi'],bài
猊,['nghê'],ní
猋,['tiêu'],biāo
猓,['quả'],guǒ
猖,['xương'],chāng
猘,['chế'],zhì
猙,['tranh'],zhēng
猛,['mãnh'],měng
猝,['thốt'],cù
猞,['xá'],shē
猢,['hồ'],hú
猣,['tông'],zōng
猨,['viên'],yuán
猩,['tinh'],xīng
猳,['gia'],jiā
猴,['hầu'],hóu
猷,['du'],yóu
猺,['dao'],yáo
猻,['tôn'],sūn
猾,['hoạt'],huá
猿,['viên'],yuán
獀,['sưu'],sōu
獁,['mã'],mà
獄,['ngục'],yù
獅,['sư'],shī
獉,['trăn'],zhēn
獋,['hào'],háo
獍,['kính'],jìng
獎,['thưởng'],jiǎng
獐,['chương'],zhāng
獒,['ngao'],áo
獕,['toả'],cuī
獚,['hoàng'],huáng
獞,['đồng'],tóng
獢,['kiêu'],xiāo
獧,['quyến'],juàn
獨,['độc'],dú
獪,['quái'],kuài
獫,['hiểm'],xiǎn
獮,['tiển'],xiǎn
獯,['huân'],xūn
獱,['tân'],biān
獲,['hoạch'],huò
獳,['nậu'],nòu
獴,['mông'],měng
獸,['thú'],shòu
獺,['thát'],tǎ
獾,['hoan'],huān
玀,['la'],luó
玁,['hiểm'],xiǎn
玂,['kỳ'],qí
玄,['huyền'],xuán
玅,['diệu'],miào
玆,['tư'],zī
玈,['lô'],lú
玊,['túc'],sù
玍,['ca'],gǎ
玎,['đinh'],dīng
玓,['đích'],dì
玔,['xuyến'],chuàn
玕,['can'],gān
玖,['cửu'],jiǔ
玗,['vu'],yú
玞,['phu'],fū
玠,['giới'],jiè
玤,['bổng'],bàng
玥,['nguyệt'],yuè
玦,['quyết'],jué
玨,['giác'],jué
玩,['ngoạn'],wán
玭,['biền'],pín
玲,['linh'],líng
玳,['đại'],dài
玷,['điếm'],diàn
玻,['pha'],bō
珀,['phách'],pò
珂,['kha'],kē
珃,['nhiễm'],rǎn
珅,['thân'],shēn
珊,['san'],shān
珌,['tất'],bì
珍,['trân'],zhēn
珎,['trân'],zhēn
珓,['giảo'],jiào
珖,['quang'],guāng
珙,['củng'],gǒng
珞,['lạc'],luò
珠,['châu'],zhū
珡,['cầm'],qín
珦,['hướng'],xiàng
珩,['hành'],háng
珪,['khuê'],guī
班,['ban'],bān
珮,['bội'],pèi
珷,['vũ'],wǔ
現,['hiện'],xiàn
琀,['hàm'],hán
球,['cầu'],qiú
琇,['tú'],xiù
琉,['lưu'],liú
琖,['trản'],zhǎn
琚,['cư'],jū
琛,['sâm'],chēn
琢,['trác'],zuó
琤,['tranh'],chēng
琥,['hổ'],hǔ
琨,['côn'],kūn
琫,['bổng'],běng
琬,['uyển'],wǎn
琭,['lộc'],lù
琮,['tông'],cóng
琯,['quản'],guǎn
琰,['diễm'],yǎn
琱,['điêu'],diāo
琲,['bội'],bèi
琳,['lâm'],lín
琴,['cầm'],qín
琶,['bà'],pá
琹,['cầm'],qín
琺,['pháp'],fà
瑀,['vũ'],yǔ
瑄,['tuyên'],xuān
瑇,['đại'],dài
瑉,['mân'],mín
瑋,['vĩ'],wěi
瑑,['triện'],zhuàn
瑕,['hà'],xiá
瑗,['viện'],yuàn
瑙,['não'],nǎo
瑛,['anh'],yīng
瑜,['du'],yú
瑞,['thuỵ'],ruì
瑟,['sắt'],sè
瑠,['lưu'],liú
瑢,['dung'],róng
瑣,['toả'],suǒ
瑤,['dao'],yáo
瑨,['tấn'],jìn
瑩,['oánh'],yíng
瑪,['mã'],mǎ
瑭,['đường'],táng
瑯,['lang'],láng
瑲,['thương'],qiāng
瑳,['tha'],cuō
瑽,['xung'],cōng
瑿,['ê'],yī
璁,['thông'],cōng
璆,['cầu'],qiú
璇,['tuyền'],xuán
璈,['ngao'],áo
璉,['liễn'],liǎn
璊,['môn'],mén
璋,['chương'],zhāng
璐,['lộ'],lù
璘,['lân'],lín
璚,['quỳnh'],qióng
璜,['hoàng'],huáng
璞,['phác'],pú
璠,['phan'],fán
璡,['tấn'],jìn
璢,['lưu'],liú
璦,['ái'],ài
璧,['bích'],bì
璨,['xán'],càn
璪,['tảo'],zǎo
環,['hoàn'],huán
璱,['sắt'],sè
璲,['toại'],suì
璸,['tân'],bīn
璺,['vấn'],wèn
璿,['tuyền'],xuán
瓅,['lịch'],lì
瓊,['quỳnh'],qióng
瓏,['lung'],lóng
瓔,['anh'],yīng
瓖,['tương'],xiāng
瓘,['quán'],guàn
瓚,['toản'],zàn
瓛,['hoàn'],huán
瓜,['qua'],guā
瓞,['điệt'],dié
瓢,['biều'],piáo
瓣,['biện'],bàn
瓤,['nhương'],ráng
瓩,['thiên ngoã'],qiān
瓬,['phưởng'],fǎng
瓴,['linh'],líng
瓶,['bình'],píng
瓷,['từ'],cí
甀,['truỵ'],zhuì
甁,['bình'],píng
甃,['trứu'],zhòu
甋,['đích'],dì
甍,['manh'],méng
甎,['chuyên'],zhuān
甒,['vũ'],wǔ
甓,['bích'],pì
甔,['đàm'],dān
甖,['anh'],yīng
甗,['nghiễn'],yǎn
甘,['cam'],gān
甙,['đại'],dài
甚,['thậm'],shèn
甜,['điềm'],tián
甝,['hàm'],hán
甞,['thường'],cháng
甡,['sân'],shēn
產,['sản'],chǎn
産,['sản'],chǎn
甦,['tô'],sū
用,['dụng'],yòng
甫,['phủ'],fǔ
甭,['bằng'],béng
田,['điền'],tián
甲,['giáp'],jiǎ
申,['thân'],shēn
男,['nam'],nán
甹,['phinh'],pīng
甽,['quyến'],zhèn
甿,['manh'],méng
畆,['mẫu'],mǔ
畊,['canh'],gēng
畋,['điền'],tián
界,['giới'],jiè
畎,['quyến'],quǎn
畏,['uý'],wèi
畔,['bạn'],pàn
留,['lưu'],liú
畛,['chẩn'],zhěn
畝,['mẫu'],mǔ
畟,['tắc'],cè
畢,['tất'],bì
略,['lược'],lüè
畦,['huề'],qí
畧,['lược'],lüè
畮,['mẫu'],mǔ
畯,['tuấn'],jùn
畱,['lưu'],liú
畵,['hoạch'],huà
畷,['chuyết'],zhuì
畹,['uyển'],wǎn
畺,['cương'],jiāng
疃,['thoản'],tuǎn
疆,['cương'],jiāng
疇,['trù'],chóu
疉,['điệp'],dié
疊,['điệp'],dié
疒,['nạch'],nè
疔,['đinh'],dīng
疕,['phỉ'],bǐ
疙,['ngật'],gē
疚,['cứu'],jiù
疝,['sán'],shàn
疢,['sấn'],chèn
疣,['vưu'],yóu
疤,['ba'],bā
疥,['giới'],jiè
疧,['kỳ'],qí
疫,['dịch'],yì
疲,['bì'],pí
疳,['cam'],gān
疹,['chẩn'],zhěn
疼,['đông'],téng
疽,['thư'],jū
疾,['tật'],jí
痁,['thiêm'],shān
病,['bệnh'],bìng
痊,['thuyên'],quán
痍,['di'],yí
痎,['giai'],jiē
痏,['vị'],wěi
痐,['hồi'],huí
痔,['trĩ'],zhì
痘,['đậu'],dòu
痚,['hiêu'],xiāo
痛,['thống'],tòng
痞,['bĩ'],pǐ
痠,['toan'],suān
痢,['lị'],lì
痣,['chí'],zhì
痧,['sa'],shā
痯,['quản'],guǎn
痰,['đàm'],tán
痲,['ma'],má
痳,['lâm'],lín
痴,['si'],chī
痵,['quý'],jì
痻,['mân'],mín
痼,['cố'],gù
痿,['nuy'],wěi
瘀,['ứ'],yū
瘁,['tuỵ'],cuì
瘂,['á'],yǎ
瘉,['dũ'],yù
瘊,['hầu'],hóu
瘋,['phong'],fēng
瘌,['lạt'],là
瘍,['dương'],yáng
瘏,['đồ'],tú
瘐,['dũ'],yǔ
瘓,['hoán'],huàn
瘖,['âm'],yīn
瘚,['quyết'],jué
瘜,['tức'],xī
瘝,['quan'],guān
瘞,['ế'],yì
瘟,['ôn'],wēn
瘠,['tích'],jí
瘡,['sang'],chuāng
瘦,['sấu'],shòu
瘧,['ngược'],nüè
瘨,['điên'],diān
瘩,['đáp'],dā
瘲,['túng'],zòng
瘴,['chướng'],zhàng
瘵,['sái'],zhài
瘸,['qua'],qué
瘺,['lũ'],lòu
瘼,['mạc'],mò
療,['liệu'],liáo
癄,['tiều'],qiáo
癆,['lao'],láo
癈,['phế'],fèi
癍,['ban'],bān
癎,['giản'],xián
癐,['uy'],guì
癒,['dũ'],yù
癕,['ung'],yōng
癘,['lệ'],lì
癙,['thử'],shǔ
癜,['điến'],diàn
癠,['tễ'],jì
癡,['si'],chī
癤,['tiết'],jiē
癥,['trưng'],zhēng
癧,['lịch'],lì
癩,['lại'],lài
癬,['tiển'],xuǎn
癭,['anh'],yǐng
癮,['ẩn'],yǐn
癯,['cù'],qú
癰,['ung'],yōng
癱,['than'],tān
癲,['điên'],diān
癶,['bát'],bō
癸,['quý'],guǐ
発,['phát'],fā
登,['đăng'],dēng
白,['bạch'],bái
皀,['tấp'],jí
皁,['tạo'],zào
皂,['tạo'],zào
皃,['mạo'],mào
皆,['giai'],jiē
皇,['hoàng'],huáng
皈,['quy'],guī
皐,['cao'],gāo
皕,['bức'],bì
皙,['tích'],xī
皚,['ngai'],ái
皞,['hạo'],hào
皤,['bà'],pó
皦,['kiểu'],jiǎo
皪,['lịch'],lì
皫,['phiếu'],piǎo
皭,['tước'],jiào
皮,['bì'],pí
皰,['pháo'],pào
皴,['thuân'],cūn
皷,['cổ'],gǔ
皸,['quân'],jūn
皺,['trứu'],zhòu
盂,['vu'],yú
盃,['bôi'],bēi
盆,['bồn'],pén
盇,['hạp'],hé
盈,['doanh'],yíng
盉,['hoà'],hé
益,['ích'],yì
盋,['bát'],bō
盍,['hạp'],hé
盎,['áng'],àng
盒,['hạp'],hé
盔,['khôi'],kuī
盜,['đạo'],dào
盝,['lộc'],lù
盞,['trản'],zhǎn
盟,['minh'],méng
盤,['bàn'],pán
盥,['quán'],guàn
盦,['am'],ān
盪,['đãng'],dàng
盬,['cổ'],gǔ
盭,['lệ'],lì
目,['mục'],mù
盱,['hu'],xū
眄,['miện'],miǎn
眈,['đam'],dān
眊,['mạo'],mào
眎,['thị'],shì
眑,['yểu'],yǎo
眕,['chẩn'],zhěn
眚,['sảnh'],shěng
眛,['muội'],mèi
眞,['chân'],zhēn
真,['chân'],zhēn
眠,['miên'],mián
眡,['thị'],shì
眣,['điệt'],dié
眩,['huyễn'],xuàn
眳,['danh'],míng
眵,['si'],chī
眶,['khuông'],kuàng
眷,['quyến'],juàn
眸,['mâu'],móu
眹,['trẫm'],zhèn
眽,['mạch'],mò
眾,['chúng'],zhòng
睃,['tuấn'],suō
睄,['sảo'],shào
睊,['quyến'],juàn
睏,['khốn'],kùn
睒,['thiểm'],shǎn
睖,['lăng'],lèng
睘,['quỳnh'],qióng
睚,['nhai'],yá
睟,['tuý'],suì
睠,['quyến'],juàn
睡,['thuỵ'],shuì
督,['đốc'],dū
睥,['bễ'],pì
睦,['mục'],mù
睨,['nghễ'],nì
睫,['tiệp'],jié
睬,['thải'],cǎi
睹,['đổ'],dǔ
睺,['hầu'],hóu
睾,['cao'],gāo
睿,['duệ'],ruì
瞀,['mậu'],mào
瞇,['mị'],mī
瞈,['ổng'],wěng
瞍,['tẩu'],sǒu
瞎,['hạt'],xiā
瞏,['quỳnh'],qióng
瞖,['ế'],yì
瞘,['khu'],kōu
瞜,['lâu'],lōu
瞠,['sanh'],chēng
瞥,['miết'],piē
瞧,['tiều'],qiáo
瞪,['trừng'],dèng
瞫,['thẩm'],shěn
瞬,['thuấn'],shùn
瞰,['khám'],kàn
瞳,['đồng'],tóng
瞵,['lân'],lín
瞻,['chiêm'],zhān
瞼,['kiểm'],jiǎn
瞽,['cổ'],gǔ
矇,['mông'],méng
矉,['tần'],pín
矍,['quắc'],jué
矓,['lung'],lóng
矙,['khám'],kàn
矚,['chúc'],zhǔ
矛,['mâu'],máo
矠,['tích'],zé
矦,['hầu'],hóu
矧,['thẩn'],shěn
矩,['củ'],jǔ
短,['đoản'],duǎn
矯,['kiểu'],jiǎo
矰,['tăng'],zēng
矱,['hoạch'],yuē
矽,['tịch'],xì
砂,['sa'],shā
砃,['đan'],dān
砅,['lệ'],lì
砆,['phu'],fū
砉,['hoạch'],huò
砍,['khảm'],kǎn
砠,['thư'],jū
砣,['đà'],tuó
砦,['trại'],zhài
砧,['châm'],zhēn
砭,['biêm'],biān
砮,['nỗ'],nǔ
砰,['phanh'],pēng
砲,['pháo'],pào
砳,['lặc'],lè
破,['phá'],pò
砵,['bát'],bō
砷,['thân'],shēn
砸,['tạp'],zá
砼,['đồng'],tóng
硅,['khuê'],guī
硎,['hình'],xíng
硐,['động'],dòng
硒,['tây'],xī
硜,['khanh'],kēng
硝,['tiêu'],xiāo
硨,['xa'],chē
硫,['lưu'],liú
硬,['ngạnh'],yìng
硭,['mang'],máng
硯,['nghiễn'],yàn
硾,['truỵ'],zhuì
碃,['thanh'],qìng
碉,['điêu'],diāo
碎,['toái'],suì
碑,['bi'],bēi
碓,['đối'],duì
碔,['vũ'],wǔ
碘,['điển'],diǎn
碚,['bội'],bèi
碞,['nham'],yán
碟,['điệp'],dié
碡,['độc'],dú
碥,['biển'],biǎn
碧,['bích'],bì
碩,['thạc'],shuò
碪,['châm'],zhēn
碯,['não'],nǎo
碲,['đế'],dì
碳,['thán'],tàn
碴,['tra'],chá
碸,['phong'],fēng
確,['xác'],què
碼,['mã'],mǎ
磁,['từ'],cí
磈,['uỷ'],wěi
磉,['tảng'],sǎng
磊,['lỗi'],lěi
磋,['tha'],cuō
磐,['bàn'],pán
磕,['khái'],kē
磙,['cổn'],gǔn
磚,['chuyên'],zhuān
磛,['sàm'],chán
磟,['lựu'],liù
磡,['khám'],kàn
磤,['ân'],yǐn
磥,['lỗi'],lěi
磧,['thích'],qì
磪,['thôi'],cuī
磬,['khánh'],qìng
磲,['cừ'],qú
磴,['đặng'],dèng
磵,['giản'],jiàn
磹,['điệm'],tán
礄,['kiều'],qiáo
礅,['đôn'],dūn
礎,['sở'],chǔ
礓,['cương'],jiāng
礙,['ngại'],ài
礚,['khái'],kē
礝,['nhuyễn'],ruǎn
礞,['mông'],méng
礡,['bạc'],bó
礤,['sát'],cǎ
礪,['lệ'],lì
礫,['lịch'],lì
礬,['phàn'],fán
礱,['lung'],lóng
礽,['nhưng'],réng
社,['xã'],shè
祀,['tự'],sì
祂,['tha'],tā
祅,['yêu'],yāo
祉,['chỉ'],zhǐ
祊,['banh'],bēng
祏,['thạch'],shí
祓,['phất'],fú
祔,['phụ'],fù
祕,['bí'],mì
祖,['tổ'],zǔ
祗,['chi'],zhī
祘,['toán'],suàn
祚,['tộ'],zuò
祛,['khư'],qū
祜,['hỗ'],hù
神,['thần'],shén
祠,['từ'],cí
祥,['tường'],xiáng
祲,['tẩm'],jìn
祻,['cố'],gù
禂,['đảo'],dǎo
禍,['hoạ'],huò
禎,['trinh'],zhēn
福,['phúc'],fú
禔,['đề'],zhī
禕,['y'],yī
禖,['môi'],méi
禘,['đế'],dì
禚,['chước'],zhuó
禛,['chân'],zhēn
禜,['vinh'],yǒng
禩,['tự'],sì
禫,['đạm'],dàn
禮,['lễ'],lǐ
禱,['đảo'],dǎo
禳,['nhương'],ráng
禴,['dược'],yuè
禹,['vũ'],yǔ
禽,['cầm'],qín
禾,['hoà'],hé
秀,['tú'],xiù
私,['tư'],sī
秈,['tiên'],xiān
秉,['bỉnh'],bǐng
秊,['niên'],nián
秌,['thu'],qiū
科,['khoa'],kē
秔,['canh'],jīng
秘,['bí'],mì
秜,['ni'],ní
租,['tô'],zū
秠,['phi'],pī
秣,['mạt'],mò
秤,['xứng'],chèng
秦,['tần'],qín
秫,['thuật'],shú
秬,['cự'],jù
秷,['xứng'],zhì
秸,['kiết'],jiē
稂,['lang'],láng
稆,['lữ'],lǚ
稈,['cán'],gǎn
稉,['canh'],jīng
稊,['đề'],tí
程,['trình'],chéng
稌,['đồ'],tú
稑,['lục'],lù
稗,['bại'],bài
稚,['trĩ'],zhì
稛,['khổn'],kǔn
稨,['biển'],biǎn
稷,['tắc'],jì
稺,['trĩ'],zhì
稻,['đạo'],dào
稼,['giá'],jià
稾,['cảo'],gǎo
稿,['cảo'],gǎo
穀,['cốc'],gǔ
穄,['tế'],jì
穅,['khang'],kāng
穉,['trĩ'],zhì
穊,['ký'],jì
穋,['lục'],lù
穌,['tô'],sū
穎,['dĩnh'],yǐng
穗,['tuệ'],suì
穠,['nùng'],nóng
穡,['sắc'],sè
穢,['uế'],huì
穩,['ổn'],wěn
穫,['hoạch'],huò
穭,['lữ'],lǚ
穮,['tiêu'],biāo
穴,['huyệt'],xué
究,['cứu'],jiū
穸,['tịch'],xī
穹,['khung'],qióng
窀,['truân'],zhūn
窄,['trách'],zhǎi
窆,['biếm'],biǎn
窈,['yểu'],yǎo
窊,['oa'],wā
窌,['giáo'],jiào
窓,['song'],chuāng
窗,['song'],chuāng
窘,['quẫn'],jiǒng
窟,['quật'],kū
窣,['tốt'],sū
窩,['oa'],wō
窪,['oa'],wā
窬,['du'],yú
窮,['cùng'],qióng
窳,['dũ'],yǔ
窴,['điền'],tián
窵,['điếu'],diào
窸,['tất'],xī
窺,['khuy'],kuī
窻,['song'],chuāng
窾,['khoản'],kuǎn
竅,['khiếu'],qiào
竇,['đậu'],dòu
竈,['táo'],zào
竊,['thiết'],qiè
立,['lập'],lì
竑,['hoành'],hóng
站,['trạm'],zhàn
竚,['trữ'],zhù
竜,['long'],lóng
竝,['tịnh'],bìng
章,['chương'],zhāng
竢,['sĩ'],sì
童,['đồng'],tóng
竦,['tủng'],sǒng
竪,['thụ'],shù
竭,['kiệt'],jié
端,['đoan'],duān
競,['cạnh'],jìng
竹,['trúc'],zhú
竽,['vu'],yú
竾,['trì'],chí
笄,['kê'],jī
笆,['ba'],bā
笈,['cấp'],jí
笏,['hốt'],hù
笐,['hàng'],háng
笑,['tiếu'],xiào
笓,['tỳ'],bì
笛,['địch'],dí
笞,['si'],chī
笠,['lạp'],lì
笤,['điều'],tiáo
笥,['tứ'],sì
笪,['đát'],dá
笫,['chỉ'],zǐ
第,['đệ'],dì
笭,['linh'],líng
笯,['nô'],nú
笰,['phất'],fú
笲,['phiền'],fán
笵,['phạm'],fàn
笸,['phả'],pǒ
笻,['cung'],qióng
筅,['tiển'],xiǎn
筆,['bút'],bǐ
筇,['cung'],qióng
筈,['quát'],kuò
等,['đẳng'],děng
筋,['cân'],jīn
筌,['thuyên'],quán
筐,['khuông'],kuāng
筑,['trúc'],zhù
答,['đáp'],dá
策,['sách'],cè
筘,['khấu'],kòu
筞,['sách'],cè
筠,['quân'],yún
筢,['ba'],pá
筤,['lang'],láng
筥,['cử'],jǔ
筦,['quản'],guǎn
筧,['kiển'],jiǎn
筩,['đồng'],tóng
筭,['toán'],suàn
筰,['tạc'],zuó
筱,['tiểu'],xiǎo
筲,['sao'],shāo
筳,['đình'],tíng
筵,['diên'],yán
筷,['khoái'],kuài
箇,['cá'],gè
箊,['ư'],yū
箋,['tiên'],jiān
箍,['cô'],gū
箎,['trì'],chí
箏,['tranh'],zhēng
箑,['tiệp'],shà
箔,['bạc'],bó
算,['toán'],suàn
箙,['phục'],fú
箜,['không'],kōng
箝,['kiềm'],qián
箠,['chuỷ'],chuí
管,['quản'],guǎn
箬,['nhược'],ruò
箯,['tiên'],biān
箴,['châm'],zhēn
篁,['hoàng'],huáng
範,['phạm'],fàn
篆,['triện'],zhuàn
篇,['thiên'],piān
築,['trúc'],zhù
篋,['khiếp'],qiè
篌,['hầu'],hóu
篔,['vân'],yún
篘,['trừu'],chōu
篙,['cao'],gāo
篚,['phỉ'],fěi
篛,['nhược'],ruò
篝,['câu'],gōu
篠,['tiểu'],xiǎo
篤,['đốc'],dǔ
篥,['lật'],lì
篧,['trạc'],zhuó
篨,['trừ'],chú
篪,['trì'],chí
篲,['tuệ'],huì
篳,['tất'],bì
篴,['địch'],dí
篷,['bồng'],péng
篼,['đâu'],dōu
簀,['trách'],zé
簁,['si'],shāi
簆,['khấu'],kòu
簋,['quỹ'],guǐ
簏,['lộc'],lù
簜,['đãng'],dàng
簝,['liêu'],liáo
簞,['đan'],dān
簟,['điệm'],diàn
簠,['phủ'],fǔ
簡,['giản'],jiǎn
簣,['quỹ'],kuì
簥,['kiểu'],jiāo
簦,['đăng'],dēng
簧,['hoàng'],huáng
簪,['trâm'],zān
簬,['lộ'],lù
簮,['trâm'],zān
簰,['bài'],pái
簸,['bá'],bǒ
簹,['đương'],dāng
簻,['qua'],zhuā
簽,['thiêm'],qiān
簾,['liêm'],lián
籀,['trứu'],zhòu
籃,['lam'],lán
籅,['dư'],yú
籌,['trù'],chóu
籐,['đằng'],téng
籑,['soạn'],zhuàn
籒,['trứu'],zhòu
籖,['thiêm'],qian
籙,['lục'],lù
籚,['lư'],lú
籛,['tiên'],jiǎn
籜,['thác'],tuò
籝,['doanh'],yíng
籢,['liêm'],lián
籣,['lan'],lán
籩,['biên'],biān
籪,['đoán'],duàn
籭,['si'],sī
籮,['la'],luó
籯,['doanh'],yíng
籲,['dụ'],yù
米,['mễ'],mǐ
籸,['sân'],shēn
籹,['nhữ'],nǚ
籼,['tiên'],xiān
籽,['tử'],zǐ
粇,['canh'],kāng
粉,['phấn'],fěn
粋,['tuý'],cuì
粑,['ba'],bā
粒,['lạp'],lì
粔,['cự'],jù
粕,['phách'],pò
粘,['niêm'],zhān
粛,['túc'],sù
粞,['tê'],xī
粟,['túc'],sù
粦,['lân'],lín
粧,['trang'],zhuāng
粱,['lương'],liáng
粵,['việt'],yuè
粻,['trương'],zhāng
粼,['lân'],lín
精,['tinh'],jīng
粿,['quả'],guǒ
糅,['nhữu'],róu
糉,['tống'],zòng
糊,['hồ'],hú
糌,['ta'],zān
糍,['từ'],cí
糔,['tưu'],xiǔ
糕,['cao'],gāo
糖,['đường'],táng
糗,['khứu'],qiǔ
糙,['tháo'],cāo
糝,['tảm'],sǎn
糟,['tao'],zāo
糠,['khang'],kāng
糢,['mô'],mó
糧,['lương'],liáng
糨,['cưỡng'],jiàng
糰,['đoàn'],tuán
糱,['nghiệt'],niè
糲,['lệ'],lì
糴,['địch'],dí
糶,['thiếu'],tiào
糸,['mịch'],mì
糹,['mịch'],sī
糺,['củ'],jiū
系,['hệ'],xì
紂,['trụ'],zhòu
紇,['hột'],hé
紈,['hoàn'],wán
納,['nạp'],nà
紓,['thư'],shū
紗,['sa'],shā
紘,['hoành'],hóng
紙,['chỉ'],zhǐ
級,['cấp'],jí
紛,['phân'],fēn
紜,['vân'],yún
紝,['nhâm'],rèn
素,['tố'],sù
紡,['phưởng'],fǎng
紥,['trát'],zā
紩,['trật'],zhì
紫,['tử'],zǐ
紬,['trừu'],chóu
紮,['trát'],zā
細,['tế'],xì
紱,['phất'],fú
紳,['thân'],shēn
紵,['trữ'],zhù
紹,['thiệu'],shào
紺,['cám'],gàn
紼,['phất'],fú
紽,['đà'],tuó
紿,['đãi'],dài
絁,['thi'],shī
終,['chung'],zhōng
絃,['huyền'],xián
組,['tổ'],zǔ
経,['kinh'],jīng
絍,['nhâm'],rèn
絏,['tiết'],xiè
絕,['tuyệt'],jué
絖,['khoáng'],kuàng
絚,['căng'],gēng
絛,['thao'],tāo
絝,['khố'],kù
絡,['lạc'],luò
絢,['huyến'],xuàn
給,['cấp'],gěi
絨,['nhung'],róng
絪,['nhân'],yīn
絫,['luỹ'],lěi
絰,['điệt'],dié
統,['thống'],tǒng
絶,['tuyệt'],jué
絹,['quyên'],juàn
絿,['cầu'],qiú
綂,['thống'],tǒng
綃,['tiêu'],xiāo
綈,['đề'],tí
綉,['tú'],tòu
綌,['khích'],xì
綍,['phất'],fú
綎,['đinh'],tīng
綑,['khổn'],kǔn
經,['kinh'],jīng
綘,['phùng'],féng
継,['kế'],jì
続,['tục'],xù
綠,['lục'],lǜ
綣,['quyển'],quǎn
綫,['tuyến'],xiàn
綬,['thụ'],shòu
維,['duy'],wéi
綯,['đào'],táo
綰,['oản'],wǎn
綱,['cương'],gāng
網,['võng'],wǎng
綹,['lữu'],liǔ
綻,['trán'],zhàn
綽,['xước'],chuò
綾,['lăng'],líng
綿,['miên'],mián
緁,['tiệp'],qiè
緅,['tưu'],zōu
緆,['tích'],xī
緊,['khẩn'],jǐn
緋,['phi'],fēi
緍,['mân'],mín
緎,['vực'],yù
総,['tổng'],zǒng
緑,['lục'],lǜ
緒,['tự'],xù
緖,['tự'],xù
緗,['tương'],xiāng
緘,['giam'],jiān
緙,['khách'],kè
線,['tuyến'],xiàn
緜,['miên'],mián
緝,['tập'],jī
緞,['đoạn'],duàn
緤,['tiết'],xiè
緥,['bảo'],bǎo
編,['biên'],biān
緩,['hoãn'],huǎn
緰,['đầu'],tóu
緱,['câu'],gōu
練,['luyện'],liàn
緶,['biền'],biàn
緹,['đề'],tí
緻,['trí'],zhì
縈,['oanh'],yíng
縉,['tấn'],jìn
縊,['ải'],yì
縏,['bàn'],pán
縑,['kiêm'],jiān
縗,['thôi'],cuī
縚,['thao'],tāo
縝,['chẩn'],chēn
縞,['cảo'],gǎo
縟,['nhục'],rù
縠,['hộc'],hú
縡,['tể'],zài
縢,['đằng'],téng
縦,['túng'],zòng
縧,['thao'],tāo
縩,['sái'],cài
縮,['súc'],suō
縯,['diễn'],yǎn
縲,['luy'],léi
縳,['truyện'],juàn
縶,['trập'],zhí
績,['tích'],jī
繈,['cưỡng'],qiǎng
繊,['tiêm'],xiān
繒,['tăng'],zēng
繕,['thiện'],shàn
繖,['tản'],sǎn
繘,['quất'],yù
繙,['phiên'],fān
繚,['liễu'],liáo
繞,['nhiễu'],rào
繠,['nhuỵ'],ruǐ
繡,['tú'],xiù
繣,['hoạch'],huà
繨,['đáp'],da
繪,['hội'],huì
繫,['hệ'],xì
繭,['kiển'],jiǎn
繮,['cương'],jiāng
繸,['toại'],suì
繹,['dịch'],yì
繻,['nhu'],xū
繼,['kế'],jì
繽,['tân'],bīn
繾,['khiển'],qiǎn
纁,['huân'],xūn
纂,['toản'],zuǎn
纆,['mặc'],mò
纇,['lỗi'],lèi
纈,['hiệt'],xié
纊,['khoáng'],kuàng
續,['tục'],xù
纎,['tiêm'],xiān
纏,['triền'],chán
纒,['triền'],chán
纓,['anh'],yīng
纔,['tài'],cái
纖,['tiêm'],xiān
纘,['toản'],zuǎn
纙,['la'],luò
纜,['lãm'],lǎn
缺,['khuyết'],quē
缽,['bát'],bō
缾,['bình'],píng
罃,['oanh'],yīng
罄,['khánh'],qìng
罅,['há'],xià
罇,['tôn'],zūn
罌,['anh'],yīng
罍,['lôi'],léi
罎,['đàm'],tán
罐,['quán'],guàn
罒,['võng'],wǎng
罔,['võng'],wǎng
罕,['hãn'],hǎn
罛,['cô'],gū
罟,['cổ'],gǔ
罠,['mân'],mín
罥,['quyến'],juàn
罦,['phù'],fú
罪,['tội'],zuì
罭,['vực'],yù
置,['trí'],zhì
罰,['phạt'],fá
罱,['lãm'],lǎn
罵,['mạ'],mà
罶,['lữu'],liǔ
罸,['phạt'],fá
罻,['uý'],wèi
罽,['kế'],jì
罾,['tăng'],zēng
罿,['đồng'],chōng
羅,['la'],luó
羆,['bi'],pí
羌,['khương'],qiāng
羍,['thát'],dá
羔,['cao'],gāo
羖,['cổ'],gǔ
羗,['khương'],qiāng
羚,['linh'],líng
羜,['trữ'],zhù
羝,['đê'],dī
羞,['tu'],xiū
羢,['nhung'],róng
羣,['quần'],qún
群,['quần'],qún
羥,['khan'],qiǎng
義,['nghĩa'],yì
羭,['du'],yú
羮,['canh'],gēng
羰,['thang'],tāng
羱,['nguyên'],yuán
羵,['phần'],fén
羼,['sạn'],chàn
羽,['vũ'],yǔ
羿,['nghệ'],yì
翁,['ông'],wēng
翄,['sí'],chì
翅,['sí'],chì
翌,['dực'],yì
翎,['linh'],líng
習,['tập'],xí
翔,['tường'],xiáng
翕,['hấp'],xī
翠,['thuý'],cuì
翣,['sáp'],shà
翦,['tiễn'],jiǎn
翩,['phiên'],piān
翫,['ngoạn'],wán
翬,['huy'],huī
翮,['cách'],hé
翯,['hạc'],hè
翰,['hàn'],hàn
翳,['ế'],yì
翹,['kiều'],qiào
翻,['phiên'],fān
翼,['dực'],yì
翽,['hối'],huì
翾,['huyên'],xuān
耀,['diệu'],yào
老,['lão'],lǎo
耂,['lão'],lǎo
考,['khảo'],kǎo
耄,['mạo'],mào
者,['giả'],zhě
耊,['điệt'],dié
耋,['điệt'],dié
耎,['nhuyễn'],ruǎn
耒,['lỗi'],lěi
耕,['canh'],gēng
耘,['vân'],yún
耝,['thư'],qù
耞,['gia'],jiā
耠,['hoát'],huō
耦,['ngẫu'],ǒu
耨,['nậu'],nòu
耩,['giảng'],jiǎng
耪,['bảng'],pǎng
耬,['lâu'],lóu
耮,['lạo'],lào
耰,['ưu'],yōu
耲,['hoài'],huái
耳,['nhĩ'],ěr
耵,['đinh'],dīng
耽,['đam'],dān
聆,['linh'],líng
聊,['liêu'],liáo
聒,['quát'],guā
聖,['thánh'],shèng
聘,['sính'],pìn
聚,['tụ'],jù
聡,['thông'],cōng
聦,['thông'],cōng
聮,['liên'],lián
聰,['thông'],cōng
聱,['ngao'],áo
聲,['thanh'],shēng
聳,['tủng'],sǒng
聴,['thính'],tīng
聵,['hội'],kuì
聹,['ninh'],níng
聼,['thính'],tīng
聾,['lung'],lóng
聿,['duật'],yù
肀,['duật'],yù
肅,['túc'],sù
肇,['triệu'],zhào
肈,['triệu'],zhào
肊,['ức'],yì
肋,['lặc'],lē
肌,['cơ'],jī
肎,['khẳng'],kěn
肐,['cách'],gē
肓,['hoang'],huāng
肕,['nhận'],rèn
肚,['đỗ'],dù
肝,['can'],gān
股,['cổ'],gǔ
肢,['chi'],zhī
肥,['phì'],féi
肧,['phôi'],pēi
肪,['phương'],fáng
肬,['vưu'],yóu
肰,['nhiên'],rán
肱,['quăng'],gōng
育,['dục'],yù
肴,['hào'],yáo
肹,['hật'],xī
肼,['tỉnh'],jǐng
肽,['thái'],tài
胂,['thân'],shèn
胄,['trụ'],zhòu
胊,['cù'],qú
胍,['cô'],guā
胎,['thai'],tāi
胏,['chỉ'],zǐ
胑,['chi'],zhī
胚,['phôi'],pēi
胛,['giáp'],jiǎ
胞,['bào'],bāo
胠,['khư'],qū
胡,['hồ'],hú
胤,['dận'],yìn
胥,['tư'],xū
胦,['ương'],yāng
胬,['nỗ'],nǔ
胭,['yên'],yān
胰,['di'],yí
胱,['quang'],guāng
胴,['đỗng'],dòng
胸,['hung'],xiōng
胹,['nhi'],ér
胺,['át'],àn
胻,['hành'],héng
胼,['biền'],pián
脃,['thuý'],cuì
脅,['hiếp'],xié
脆,['thuý'],cuì
脇,['hiếp'],xié
脈,['mạch'],mài
脊,['tích'],jí
脒,['mễ'],mǐ
脖,['bột'],bó
脗,['vẫn'],wěn
脛,['hĩnh'],jìng
脝,['hanh'],hēng
脡,['đĩnh'],tǐng
脢,['môi'],méi
脣,['thần'],chún
脩,['tu'],xiū
脬,['phao'],pāo
脰,['đậu'],dòu
脲,['niệu'],niào
脹,['trướng'],zhàng
脿,['biểu'],biāo
腄,['chuỷ'],chuí
腋,['dịch'],yè
腍,['nhẫm'],rèn
腎,['thận'],shèn
腑,['phủ'],fǔ
腒,['cừ'],jū
腓,['phì'],féi
腖,['đống'],dòng
腚,['đĩnh'],dìng
腜,['môi'],méi
腠,['thấu'],còu
腡,['loa'],luó
腥,['tinh'],xīng
腦,['não'],nǎo
腧,['thú'],shù
腩,['nạm'],nǎn
腮,['tai'],sāi
腯,['đột'],tú
腰,['yêu'],yāo
腳,['cước'],jiǎo
腴,['du'],yú
腹,['phúc'],fù
腺,['tuyến'],xiàn
膂,['lữ'],lǚ
膃,['ột'],wà
膆,['tố'],sù
膇,['truy'],zhuì
膈,['cách'],gé
膌,['tích'],jí
膕,['quắc'],guó
膗,['suỳ'],chuái
膙,['cưỡng'],jiǎng
膚,['phu'],fū
膛,['thang'],táng
膝,['tất'],xī
膟,['suất'],lǜ
膠,['giao'],jiāo
膣,['trất'],zhì
膨,['bành'],péng
膪,['suý'],chuài
膬,['sế'],cuì
膳,['thiện'],shàn
膵,['tuỵ'],cuì
膷,['hương'],xiāng
膺,['ưng'],yīng
膽,['đảm'],dǎn
臀,['đồn'],tún
臁,['liêm'],lián
臄,['cược'],jué
臆,['ức'],yì
臇,['tuyến'],juǎn
臈,['lạp'],là
臋,['đồn'],tún
臌,['cổ'],gǔ
臍,['tề'],qí
臐,['huân'],xūn
臓,['tạng'],zàng
臘,['lạp'],là
臙,['yên'],yān
臛,['hoắc'],huò
臞,['cù'],qú
臟,['tạng'],zàng
臠,['luyến'],luán
臣,['thần'],chén
臥,['ngoạ'],wò
自,['tự'],zì
臯,['cao'],gāo
臲,['niết'],niè
至,['chí'],zhì
致,['trí'],zhì
臼,['cữu'],jiù
臽,['hãm'],xiàn
舁,['dư'],yú
舂,['thung'],chōng
舄,['tích'],xì
舅,['cữu'],jiù
舉,['cử'],jǔ
舊,['cựu'],jiù
舋,['hấn'],xìn
舌,['thiệt'],shé
舎,['xá'],shè
舒,['thư'],shū
舔,['thiểm'],tiǎn
舘,['quán'],guǎn
舜,['thuấn'],shùn
舝,['hạt'],xiá
舞,['vũ'],wǔ
舠,['đao'],dāo
舡,['hang'],chuán
舢,['san'],shān
舨,['bản'],bǎn
舩,['thuyền'],chuán
航,['hàng'],háng
舭,['tỳ'],bǐ
舲,['linh'],líng
舳,['trục'],zhú
舴,['trách'],zé
舵,['đà'],duò
舷,['huyền'],xián
舸,['khả'],gě
船,['thuyền'],chuán
艁,['tạo'],zào
艄,['sao'],shāo
艅,['dư'],yú
艇,['đĩnh'],tǐng
艉,['vĩ'],wěi
艋,['mãnh'],měng
艎,['hoàng'],huáng
艏,['thủ'],shǒu
艖,['xoa'],chā
艙,['thương'],cāng
艚,['tào'],cáo
艟,['đồng'],chōng
艢,['tường'],qiáng
艣,['lỗ'],lǔ
艤,['nghĩ'],yǐ
艦,['hạm'],jiàn
艨,['mông'],méng
艩,['tề'],qí
艪,['lỗ'],lǔ
艫,['lô'],lú
艭,['sang'],shuāng
艮,['cấn'],gěn
良,['lương'],liáng
艱,['gian'],jiān
色,['sắc'],sè
艶,['diễm'],yàn
艷,['diễm'],yàn
艸,['thảo'],cǎo
艹,['thảo'],cǎo
芀,['điêu'],tiáo
芄,['hoàn'],wán
芊,['thiên'],qiān
芍,['thược'],sháo
芎,['khung'],qiōng
芏,['đỗ'],dù
芑,['khỉ'],qǐ
芒,['mang'],máng
芔,['huỷ'],huì
芙,['phù'],fú
芝,['chi'],zhī
芞,['khất'],qì
芟,['sam'],shān
芡,['khiếm'],qiàn
芣,['phù'],fú
芤,['khưu'],kōu
芥,['giới'],jiè
芨,['cập'],jī
芩,['cầm'],qín
芭,['ba'],bā
芮,['nhuế'],ruì
芯,['tâm'],xīn
花,['hoa'],huā
芲,['hoa'],huā
芳,['phương'],fāng
芷,['chỉ'],zhǐ
芸,['vân'],yún
芹,['cần'],qín
芻,['sô'],chú
芽,['nha'],yá
芿,['nhứng'],rèng
苒,['nhiễm'],rǎn
苓,['linh'],líng
苔,['đài'],tái
苗,['miêu'],miáo
苙,['lập'],lì
苜,['mục'],mù
苞,['bao'],bāo
苟,['cẩu'],gǒu
苡,['dĩ'],yǐ
苣,['cự'],jù
苤,['phiết'],piě
英,['anh'],yīng
苲,['trả'],zhǎ
苶,['niết'],nié
苷,['đại'],gān
苺,['môi'],méi
苻,['phù'],fú
茁,['truất'],zhuó
茂,['mậu'],mào
范,['phạm'],fàn
茅,['mao'],máo
茈,['sài'],cí
茉,['mạt'],mò
茌,['trì'],chí
茓,['huyệt'],xué
茘,['lệ'],lì
茛,['cấn'],gèn
茢,['liệt'],liè
茥,['khuê'],guī
茦,['sách'],cì
茫,['mang'],máng
茬,['tra'],chá
茯,['phục'],fú
茱,['thù'],zhū
茳,['giang'],jiāng
茴,['hồi'],huí
茵,['nhân'],yīn
茶,['trà'],chá
茼,['đồng'],tóng
荀,['tuân'],xún
荃,['thuyên'],quán
荄,['cai'],gāi
荇,['hạnh'],xìng
荊,['kinh'],jīng
荍,['kiều'],qiáo
荏,['nhẫm'],rěn
荒,['hoang'],huāng
荔,['lệ'],lì
荘,['trang'],zhuāng
荳,['đậu'],dòu
荸,['bột'],bí
荻,['địch'],dí
荽,['tuy'],suī
莊,['trang'],zhuāng
莒,['cử'],jǔ
莓,['môi'],méi
莖,['hành'],jīng
莚,['diên'],yán
莛,['đình'],tíng
莝,['toả'],cuò
莢,['giáp'],jiá
莧,['hiện'],xiàn
莪,['nga'],é
莽,['mãng'],mǎng
莿,['thích'],cì
菂,['đích'],dì
菅,['gian'],jiān
菇,['cô'],gū
菉,['lục'],lù
菊,['cúc'],jú
菌,['khuẩn'],jūn
菎,['côn'],kūn
菏,['hà'],hé
菓,['quả'],guǒ
菔,['bặc'],fú
菖,['xương'],chāng
菘,['tùng'],sōng
菜,['thái'],cài
菠,['ba'],bō
菢,['bão'],bào
菣,['khẩn'],qìn
菪,['đãng'],dàng
菰,['cô'],gū
菱,['lăng'],líng
菶,['bổng'],běng
菺,['kiên'],jiān
菼,['thảm'],tǎn
菾,['điềm'],tián
萄,['đào'],táo
萅,['xuân'],chūn
萊,['lai'],lái
萋,['thê'],qī
萌,['manh'],méng
萍,['bình'],píng
萏,['đạm'],dàn
萐,['tiệp'],shà
萘,['nại'],nài
萜,['thiếp'],tiē
萩,['thu'],qiū
萬,['vạn'],wàn
萱,['huyên'],xuān
萲,['huyên'],xuān
萴,['trắc'],cè
萵,['oa'],wō
萸,['du'],yú
萼,['ngạc'],è
落,['lạc'],luò
葄,['tộ'],zuò
葅,['thư'],zū
葆,['bảo'],bǎo
葇,['nhu'],róu
葒,['hồng'],hóng
葖,['đột'],tū
葙,['tương'],xiāng
葛,['cát'],gé
葠,['sâm'],shēn
葡,['bồ'],pú
董,['đổng'],dǒng
葥,['tiền'],jiàn
葩,['ba'],pā
葫,['hồ'],hú
葬,['táng'],zàng
葳,['uy'],wēi
葴,['châm'],zhēn
葵,['quỳ'],kuí
葶,['đình'],tíng
葷,['huân'],hūn
葹,['thi'],shī
葺,['tập'],qì
葽,['yêu'],yāo
蒂,['đế'],dì
蒎,['phái'],pài
蒐,['sưu'],sōu
蒓,['thuần'],chún
蒜,['toán'],suàn
蒞,['lị'],lì
蒟,['củ'],jǔ
蒢,['trừ'],chú
蒦,['hoạch'],huò
蒨,['thiến'],qiàn
蒪,['thuần'],pò
蒭,['sô'],chú
蒯,['khoái'],kuǎi
蒱,['bồ'],pú
蒴,['sóc'],shuò
蒸,['chưng'],zhēng
蒹,['kiêm'],jiān
蒺,['tật'],jí
蒻,['nhược'],ruò
蒽,['ân'],ēn
蒿,['hao'],hāo
蓀,['tôn'],sūn
蓂,['minh'],míng
蓄,['súc'],xù
蓆,['tịch'],xí
蓇,['cốt'],gǔ
蓍,['thi'],shī
蓐,['nhục'],rù
蓓,['bội'],bèi
蓡,['sâm'],shēn
蓬,['bồng'],péng
蓮,['liên'],lián
蓯,['thung'],cōng
蓱,['bình'],píng
蓴,['thuần'],chún
蓺,['nghệ'],yì
蓽,['tất'],bì
蓿,['túc'],xu
蔀,['bộ'],bù
蔂,['luy'],léi
蔆,['lăng'],líng
蔇,['ký'],jì
蔉,['cổn'],gǔn
蔌,['tốc'],sù
蔎,['thiết'],shè
蔑,['miệt'],miè
蔕,['đế'],dì
蔗,['giá'],zhè
蔥,['thông'],cōng
蔦,['điểu'],niǎo
蔫,['yên'],niān
蔬,['sơ'],shū
蔯,['trần'],chén
蔴,['ma'],má
蔻,['khấu'],kòu
蔾,['lê'],lí
蕉,['tiêu'],jiāo
蕋,['nhị'],ruǐ
蕍,['du'],yú
蕎,['kiều'],qiáo
蕑,['gian'],jiān
蕓,['vân'],yún
蕖,['cừ'],qú
蕙,['huệ'],huì
蕚,['ngạc'],è
蕠,['như'],rú
蕤,['nhuy'],ruí
蕨,['quyết'],jué
蕪,['vu'],wú
蕭,['tiêu'],xiāo
蕮,['tích'],xì
蕳,['gian'],jiān
蕷,['dự'],yù
蕸,['hà'],xiá
蕺,['trấp'],jí
蕿,['huyên'],xuān
薅,['hao'],hāo
薆,['ái'],ài
薉,['uế'],huì
薊,['kế'],jì
薌,['hương'],xiāng
薏,['ý'],yì
薐,['lăng'],léng
薑,['khương'],jiāng
薘,['đạt'],dá
薛,['tiết'],xuē
薢,['giải'],xiè
薤,['giới'],xiè
薩,['tát'],sà
薪,['tân'],xīn
薬,['dược'],yào
薯,['thự'],shǔ
薰,['huân'],xūn
薶,['mai'],mái
薷,['nhu'],rú
薸,['phiêu'],piáo
薹,['đài'],tái
薻,['tảo'],zǎo
薽,['chân'],zhēn
薾,['nhĩ'],ěr
薿,['nghĩ'],nǐ
藁,['cảo'],gǎo
藇,['tự'],xù
藊,['biển'],biǎn
藍,['lam'],lán
藎,['tẫn'],jìn
藕,['ngẫu'],ǒu
藘,['lư'],lǘ
藜,['lê'],lí
藝,['nghệ'],yì
藟,['luỹ'],lěi
藤,['đằng'],téng
藥,['dược'],yào
藦,['ma'],mò
藪,['tẩu'],sǒu
藭,['cùng'],qióng
藳,['cảo'],gǎo
藶,['lịch'],lì
藷,['thự'],shǔ
藹,['ái'],ǎi
藺,['lận'],lìn
藻,['tảo'],zǎo
藼,['huyên'],xuān
藾,['lại'],lài
藿,['hoắc'],huò
蘀,['thác'],tuò
蘐,['huyên'],xuān
蘑,['ma'],mó
蘓,['tô'],sū
蘘,['nhương'],ráng
蘚,['tiển'],xiǎn
蘩,['phiền'],fán
蘭,['lan'],lán
蘿,['la'],luó
虀,['tê'],jī
虆,['luy'],léi
虍,['hô'],hū
虎,['hổ'],hǔ
虐,['ngược'],nüè
虔,['kiền'],qián
虖,['hô'],hū
虗,['hư'],xū
虜,['lỗ'],lǔ
虞,['ngu'],yú
虡,['cự'],jù
虣,['bạo'],bào
虧,['khuy'],kuī
虯,['cầu'],qiú
虰,['đinh'],dīng
虱,['sắt'],shī
虵,['xà'],shé
虻,['manh'],méng
虼,['khất'],gè
蚄,['phương'],fāng
蚆,['ba'],bā
蚈,['khiên'],qiān
蚉,['văn'],wén
蚊,['văn'],wén
蚋,['nhuế'],ruì
蚌,['bạng'],bàng
蚓,['dẫn'],yǐn
蚛,['trọng'],zhòng
蚣,['công'],gōng
蚤,['tảo'],zǎo
蚧,['giới'],jiè
蚨,['phù'],fú
蚪,['đẩu'],dǒu
蚱,['trách'],zhà
蚲,['bình'],píng
蚴,['u'],yòu
蚵,['hà'],hé
蚶,['ham'],hān
蚹,['phụ'],fù
蚺,['nhiêm'],rán
蚻,['trát'],zhá
蚿,['huyền'],xián
蛀,['chú'],zhù
蛁,['điêu'],diāo
蛄,['cô'],gū
蛅,['chiêm'],zhān
蛆,['thư'],qū
蛉,['linh'],líng
蛋,['đản'],dàn
蛐,['khúc'],qū
蛑,['mâu'],móu
蛔,['hồi'],huí
蛕,['hồi'],huí
蛙,['oa'],wā
蛚,['liệt'],liè
蛜,['y'],yī
蛟,['giao'],jiāo
蛣,['kiết'],qī
蛤,['cáp'],há
蛭,['điệt'],zhì
蛻,['thuế'],tuì
蜀,['thục'],shǔ
蜂,['phong'],fēng
蜃,['thận'],shèn
蜆,['hiện'],xiàn
蜇,['triết'],zhē
蜈,['ngô'],wú
蜉,['phù'],fú
蜋,['lang'],láng
蜍,['thừ'],chú
蜑,['đản'],dàn
蜓,['đình'],tíng
蜘,['tri'],zhī
蜛,['cư'],jū
蜜,['mật'],mì
蜢,['mãnh'],měng
蜣,['khương'],qiāng
蜥,['tích'],xī
蜨,['điệp'],dié
蜩,['điêu'],tiáo
蜯,['bạng'],bàng
蜴,['dịch'],yì
蜷,['quyền'],quán
蜺,['nghê'],ní
蜾,['quả'],guǒ
蜿,['uyển'],wān
蝀,['đông'],dōng
蝄,['võng'],wǎng
蝌,['khoa'],kē
蝍,['tức'],jié
蝐,['mội'],mào
蝒,['miễn'],mián
蝓,['du'],yú
蝕,['thực'],shí
蝗,['hoàng'],huáng
蝘,['yển'],yǎn
蝝,['duyên'],yuán
蝟,['vị'],wèi
蝠,['bức'],fú
蝡,['nhuyễn'],rú
蝣,['du'],yóu
蝦,['hà'],xiā
蝨,['sắt'],shī
蝮,['phúc'],fù
蝯,['viên'],yuán
蝰,['khuê'],kuí
蝱,['manh'],méng
蝲,['lạt'],là
蝳,['đại'],dú
蝴,['hồ'],hú
蝶,['điệp'],dié
蝻,['nam'],nǎn
螂,['lang'],láng
螃,['bàng'],páng
螅,['tức'],xī
螈,['nguyên'],yuán
螉,['ông'],wēng
螋,['sưu'],sōu
螗,['đường'],táng
螙,['đố'],dù
螞,['mã'],mǎ
螟,['minh'],míng
螡,['văn'],wén
螢,['huỳnh'],yíng
螫,['thích'],shì
螬,['tào'],cáo
螮,['đế'],dì
螯,['ngao'],áo
螳,['đường'],táng
螵,['phiêu'],piāo
螺,['loa'],luó
螻,['lâu'],lóu
螽,['chung'],zhōng
螾,['dẫn'],yǐn
螿,['tương'],jiāng
蟀,['suất'],shuài
蟁,['văn'],wén
蟇,['mạc'],má
蟈,['quắc'],guō
蟊,['mâu'],máo
蟋,['tất'],xī
蟎,['mãn'],mǎn
蟑,['chương'],zhāng
蟓,['tượng'],xiàng
蟛,['bành'],péng
蟜,['kiểu'],jiǎo
蟟,['liêu'],liáo
蟥,['hoàng'],huáng
蟨,['quyết'],jué
蟪,['huệ'],huì
蟮,['thiện'],shàn
蟯,['nhiêu'],náo
蟲,['trùng'],chóng
蟶,['sanh'],chēng
蟷,['đương'],dāng
蟹,['giải'],xiè
蟺,['thiện'],shàn
蟾,['thiềm'],chán
蠁,['hưởng'],xiǎng
蠂,['nhiếp'],shè
蠅,['dăng'],yíng
蠉,['huyên'],xuān
蠊,['liêm'],lián
蠎,['mãng'],mǎng
蠏,['giải'],xiè
蠐,['tề'],qí
蠑,['vinh'],róng
蠒,['kiển'],jiǎn
蠓,['mông'],měng
蠔,['hào'],háo
蠚,['nhược'],hē
蠛,['miệt'],miè
蠜,['phàn'],fán
蠢,['xuẩn'],chǔn
蠣,['lệ'],lì
蠧,['đố'],dù
蠨,['tiêu'],xiāo
蠩,['chư'],zhū
蠭,['phong'],fēng
蠱,['cổ'],gǔ
蠲,['quyên'],juān
蠵,['huề'],xī
蠷,['cù'],qú
蠸,['quyền'],quán
蠹,['đố'],dù
蠻,['man'],mán
蠽,['tiệt'],jié
血,['huyết'],xuè
衁,['hoang'],huāng
衂,['nục'],nǜ
衄,['nục'],nǜ
衆,['chúng'],zhòng
衇,['mạch'],mài
衈,['nhị'],èr
衉,['khách'],kā
衊,['miệt'],miè
衒,['huyễn'],xuàn
衕,['đồng'],tòng
衖,['hạng'],xiàng
街,['nhai'],jiē
衚,['hồ'],hú
衛,['vệ'],wèi
衝,['xung'],chōng
衞,['vệ'],wèi
衟,['đạo'],dào
衢,['cù'],qú
衤,['y'],yī
表,['biểu'],biǎo
衫,['sam'],shān
衭,['phu'],fū
衲,['nạp'],nà
衵,['nật'],yì
衺,['tà'],xié
衽,['nhẫm'],rèn
衾,['khâm'],qīn
袁,['viên'],yuán
袋,['đại'],dài
袍,['bào'],páo
袎,['áo'],yào
袒,['đản'],tǎn
袖,['tụ'],xiù
袞,['cổn'],gǔn
袤,['mậu'],mào
袪,['khư'],qū
袱,['phục'],fú
袲,['di'],chǐ
袴,['khố'],kù
袵,['nhẫm'],rèn
袺,['kết'],jié
袼,['các'],gē
袽,['như'],rú
袿,['khuê'],guī
裀,['nhân'],yīn
裁,['tài'],cái
裂,['liệt'],liè
裉,['khẳng'],kèn
裋,['thụ'],shù
裌,['giáp'],jiá
裎,['trình'],chéng
裔,['duệ'],yì
裕,['dụ'],yù
裙,['quần'],qún
裛,['ấp'],yì
補,['bổ'],bǔ
裝,['trang'],zhuāng
裟,['sa'],shā
裠,['quần'],qún
裩,['côn'],kūn
裲,['lưỡng'],liǎng
裳,['thường'],shang
製,['chế'],zhì
褂,['quái'],guà
複,['phức'],fù
褌,['côn'],kūn
褓,['bảo'],bǎo
褕,['du'],yú
褙,['bối'],bèi
褟,['tháp'],tā
褢,['hoài'],huái
褥,['nhục'],rù
褧,['quýnh'],jiǒng
褫,['sỉ'],chǐ
褭,['niểu'],niǎo
褯,['tạ'],jiè
褱,['hoài'],huái
褲,['khố'],kù
褳,['liên'],lián
褸,['lũ'],lǚ
褽,['uý'],wèi
褾,['biểu'],biǎo
襁,['cưỡng'],qiǎng
襄,['tương'],xiāng
襋,['cức'],jí
襖,['áo'],ǎo
襜,['xiêm'],chān
襞,['bích'],bì
襟,['khâm'],jīn
襤,['lam'],lán
襥,['bộc'],fú
襦,['nhu'],rú
襫,['thích'],shì
襭,['hiệt'],xié
襮,['bộc'],bó
襯,['sấn'],chèn
襲,['tập'],xí
襴,['lan'],lán
襻,['phán'],pàn
襼,['nghệ'],yì
襾,['á'],yà
覀,['á'],xī
覂,['phủng'],fěng
覈,['hạch'],hé
規,['quy'],guī
覓,['mịch'],mì
覔,['mịch'],mì
視,['thị'],shì
覗,['tư'],sì
覡,['hích'],xí
覤,['khích'],xì
覦,['du'],yú
覧,['lãm'],lǎn
覩,['đổ'],dǔ
覯,['cấu'],gòu
覰,['thứ'],qū
覽,['lãm'],lǎn
覿,['địch'],dí
觔,['cân'],jīn
觕,['thô'],cū
觚,['cô'],gū
觝,['để'],dǐ
觡,['cách'],gé
觧,['giải'],jiě
觩,['cầu'],qiú
觫,['tốc'],sù
觱,['tất'],bì
觷,['hạc'],xué
觸,['xúc'],chù
觺,['nghi'],yí
觼,['quyết'],jué
觽,['huề'],xī
觿,['huề'],xī
訂,['đính'],dìng
訃,['phó'],fù
訇,['hoanh'],hōng
訊,['tấn'],xùn
訌,['hồng'],hòng
討,['thảo'],tǎo
訒,['nhẫn'],rèn
訓,['huấn'],xùn
託,['thác'],tuō
訛,['ngoa'],é
訝,['ngạc'],yà
訟,['tụng'],sòng
訣,['quyết'],jué
訥,['nột'],nè
訧,['vưu'],yóu
設,['thiết'],shè
訴,['tố'],sù
訶,['ha'],hē
訹,['tuất'],xù
診,['chẩn'],zhěn
註,['chú'],zhù
証,['chứng'],zhèng
詅,['linh'],líng
詆,['để'],dǐ
詈,['lị'],lì
詎,['cự'],jù
詐,['trá'],zhà
詔,['chiếu'],zhào
評,['bình'],píng
詖,['bí'],bì
詞,['từ'],cí
詠,['vịnh'],yǒng
詢,['tuân'],xún
詣,['nghệ'],yì
試,['thí'],shì
詧,['sát'],chá
詨,['giáo'],xiào
詩,['thi'],shī
詫,['sá'],chà
詬,['cấu'],gòu
詮,['thuyên'],quán
詰,['cật'],jié
話,['thoại'],huà
該,['cai'],gāi
詵,['sân'],shēn
詼,['khôi'],huī
詿,['quái'],guà
誃,['xỉ'],yí
誅,['tru'],zhū
誆,['cuống'],kuāng
誌,['chí'],zhì
認,['nhận'],rèn
誑,['cuống'],kuáng
誓,['thệ'],shì
誕,['đản'],dàn
誖,['bội'],bèi
誘,['dụ'],yòu
誙,['khanh'],kēng
誚,['tiếu'],qiào
誠,['thành'],chéng
誡,['giới'],jiè
誣,['vu'],wū
誤,['ngộ'],wù
誥,['cáo'],gào
誦,['tụng'],sòng
誨,['hối'],huì
誰,['thuỳ'],shuí
課,['khoá'],kè
誶,['tối'],suì
誹,['phỉ'],fěi
誼,['nghị'],yì
誾,['ngân'],yín
諂,['siểm'],chǎn
諆,['khi'],qī
談,['đàm'],tán
諏,['tưu'],zōu
諐,['khiên'],qiān
諑,['trác'],zhuó
諗,['thẩm'],shěn
諙,['thoại'],huà
諛,['du'],yú
諜,['điệp'],dié
諝,['tư'],xū
諞,['biển'],piǎn
諠,['huyên'],xuān
諡,['thuỵ'],shì
諤,['ngạc'],è
諧,['hài'],xié
諫,['gián'],jiàn
諭,['dụ'],yù
諱,['huý'],huì
諳,['am'],ān
諴,['hàm'],xián
諵,['nam'],nán
諷,['phúng'],fěng
諺,['ngạn'],yàn
諼,['huyên'],xuān
諾,['nặc'],nuò
謀,['mưu'],móu
謁,['yết'],yè
謂,['vị'],wèi
謄,['đằng'],téng
謆,['phiến'],shàn
謇,['kiển'],jiǎn
謊,['hoang'],huǎng
謋,['hoạch'],huò
謌,['ca'],gē
謎,['mê'],mí
謑,['hệ'],xǐ
謔,['hước'],xuè
謖,['tắc'],sù
謗,['báng'],bàng
講,['giảng'],jiǎng
謝,['tạ'],xiè
謠,['dao'],yáo
謡,['dao'],yáo
謦,['khánh'],qǐng
謨,['mô'],mó
謩,['mô'],mó
謪,['trích'],shāng
謫,['trích'],zhé
謬,['mậu'],miù
謭,['tiễn'],jiǎn
謳,['âu'],ōu
謹,['cẩn'],jǐn
謼,['hô'],hū
譁,['hoa'],huá
譅,['sáp'],sè
譈,['đỗi'],duì
證,['chứng'],zhèng
譊,['nao'],náo
譌,['ngoa'],é
譎,['quyệt'],jué
譔,['soạn'],zhuàn
譚,['đàm'],tán
譟,['táo'],zào
警,['cảnh'],jǐng
譩,['y'],yī
譬,['thí'],pì
譭,['huỷ'],huǐ
譯,['dịch'],yì
議,['nghị'],yì
譱,['thiện'],shàn
譴,['khiển'],qiǎn
譶,['đạp'],tà
護,['hộ'],hù
譸,['trù'],zhōu
譽,['dự'],yù
譾,['tiễn'],jiǎn
讁,['trích'],zhé
讅,['thẩm'],shěn
讇,['siểm'],chǎn
讋,['triệp'],zhé
讎,['thù'],chóu
讏,['vệ'],wèi
讐,['thù'],chóu
讒,['sàm'],chán
讓,['nhượng'],ràng
讕,['lan'],lán
讘,['triếp'],niè
讚,['tán'],zàn
讜,['đảng'],dǎng
讟,['độc'],dú
讬,['thác'],tuō
谽,['hàm'],hān
豆,['đậu'],dòu
豇,['giang'],jiāng
豉,['thị'],shì
豋,['đăng'],dēng
豎,['thụ'],shù
豏,['hãm'],xiàn
豐,['phong'],fēng
豑,['trật'],zhì
豓,['diễm'],yàn
豔,['diễm'],yàn
豕,['thỉ'],shǐ
豖,['súc'],chù
豗,['hôi'],huī
豜,['kiên'],jiān
豝,['ba'],bā
豢,['hoạn'],huàn
豣,['kiên'],jiān
豦,['cứ'],jù
豪,['hào'],háo
豬,['trư'],zhū
豭,['gia'],jiā
豱,['ôn'],wēn
豳,['bân'],bīn
豵,['tông'],zōng
豶,['phần'],fén
豷,['ế'],yì
豹,['báo'],bào
豺,['sài'],chái
貂,['điêu'],diāo
貅,['hưu'],xiū
貊,['mạch'],mò
貎,['nghê'],ní
貓,['miêu'],māo
貛,['hoan'],huān
貝,['bối'],bèi
貞,['trinh'],zhēn
負,['phụ'],fù
財,['tài'],cái
貢,['cống'],gòng
貧,['bần'],pín
貨,['hoá'],huò
貪,['tham'],tān
貯,['trữ'],zhù
貰,['thế'],shì
貳,['nhị'],èr
貴,['quý'],guì
貶,['biếm'],biǎn
買,['mãi'],mǎi
貺,['huống'],kuàng
貼,['thiếp'],tiē
貽,['di'],yí
貿,['mậu'],mào
賀,['hạ'],hè
賂,['lộ'],lù
賄,['hối'],huì
賅,['cai'],gāi
資,['tư'],zī
賉,['tuất'],xù
賊,['tặc'],zéi
賑,['chẩn'],zhèn
賒,['xa'],shē
賕,['cầu'],qiú
賙,['chu'],zhōu
賛,['tán'],zàn
賜,['tứ'],cì
賝,['sâm'],chēn
賞,['thưởng'],shǎng
賠,['bồi'],péi
賡,['canh'],gēng
賣,['mại'],mài
賤,['tiện'],jiàn
賥,['tuý'],suì
賦,['phú'],fù
賧,['đàm'],tàn
賨,['tung'],cóng
賫,['tê'],jī
賬,['trướng'],zhàng
賭,['đổ'],dǔ
賮,['tẫn'],jìn
賴,['lại'],lài
賵,['phúng'],fèng
賷,['tê'],jī
賺,['trám'],zhuàn
賻,['phụ'],fù
購,['cấu'],gòu
賾,['trách'],zé
贅,['chuế'],zhuì
贇,['uân'],yūn
贈,['tặng'],zèng
贉,['đảm'],dàn
贊,['tán'],zàn
贋,['nhạn'],yàn
贍,['thiệm'],shàn
贏,['doanh'],yíng
贐,['tẫn'],jìn
贓,['tang'],zāng
贔,['bí'],bì
贕,['độc'],dú
贖,['chuộc'],shú
贗,['nhạn'],yàn
贜,['tang'],zāng
赦,['xá'],shè
赩,['hách'],xì
赫,['hách'],hè
赭,['giả'],zhě
赯,['đường'],táng
走,['tẩu'],zǒu
赱,['tẩu'],zǒu
赳,['củ'],jiū
赴,['phó'],fù
趁,['sấn'],chèn
趂,['sấn'],chèn
超,['siêu'],chāo
趑,['tư'],zī
趒,['điêu'],tiáo
趔,['liệt'],liè
趕,['cản'],gǎn
趙,['triệu'],zhào
趡,['thuỷ'],cuǐ
趦,['tư'],zī
趮,['táo'],zào
趲,['toản'],zǎn
趴,['bát'],pā
趺,['phu'],fū
趾,['chỉ'],zhǐ
跅,['thác'],tuò
跆,['đài'],tái
跋,['bạt'],bá
跎,['đà'],tuó
跑,['bào'],pǎo
跚,['san'],shān
距,['cự'],jù
跡,['tích'],jī
跤,['giao'],jiāo
跥,['đoạ'],duò
跦,['trù'],zhū
跧,['thuyên'],quán
跨,['khoá'],kuà
跪,['quỵ'],guì
跬,['khuể'],kuǐ
跮,['sí'],chì
跱,['trĩ'],zhì
跼,['cục'],jú
踁,['hĩnh'],jìng
踈,['sơ'],shū
踊,['dũng'],yǒng
踋,['cước'],jiǎo
踏,['đạp'],tà
踐,['tiễn'],jiàn
踖,['tích'],jí
踘,['cúc'],jū
踞,['cứ'],jù
踟,['trì'],chí
踡,['quyền'],quán
踢,['thích'],tī
踥,['thiếp'],qiè
踫,['bính'],pèng
踮,['điểm'],diǎn
踱,['đạc'],duó
踵,['chủng'],zhǒng
蹀,['điệp'],dié
蹄,['đề'],tí
蹈,['đạo'],dǎo
蹊,['hề'],qī
蹌,['thương'],qiāng
蹎,['điên'],diān
蹏,['đề'],tí
蹐,['tích'],jí
蹓,['lựu'],liū
蹔,['tạm'],zàn
蹕,['tất'],bì
蹚,['thang'],tāng
蹝,['sỉ'],xǐ
蹟,['tích'],jī
蹠,['chích'],zhí
蹡,['thương'],qiāng
蹤,['tung'],zōng
蹧,['tao'],zāo
蹪,['đồi'],tuí
蹭,['thặng'],cèng
蹮,['tiên'],xiān
蹯,['phiền'],fán
蹽,['liêu'],liāo
蹾,['đôn'],dūn
躁,['táo'],zào
躃,['tích'],bì
躄,['tích'],bì
躉,['độn'],dǔn
躊,['trù'],chóu
躐,['liệp'],liè
躑,['trịch'],zhí
躔,['triền'],chán
躕,['trù'],chú
躗,['vệ'],wèi
躚,['tiên'],xiān
躝,['lạn'],lán
躞,['tiệp'],xiè
躠,['tiết'],sǎ
躣,['cù'],qú
躥,['thoan'],cuān
躦,['toàn'],cuó
躧,['sỉ'],xǐ
躪,['lận'],lìn
躬,['cung'],gōng
躭,['đam'],dān
躰,['thể'],tǐ
躲,['đoá'],duǒ
躳,['cung'],gōng
躺,['thảng'],tǎng
軀,['khu'],qū
軃,['đả'],duǒ
軆,['thể'],tǐ
車,['xa'],chē
軌,['quỹ'],guǐ
軍,['quân'],jūn
軔,['nhận'],rèn
軖,['khuông'],kuáng
軘,['đồn'],tún
軛,['ách'],è
軜,['nạp'],nà
軟,['nhuyễn'],ruǎn
軡,['linh'],qián
転,['chuyển'],zhuǎn
軨,['linh'],líng
軫,['chẩn'],zhěn
軱,['cô'],gū
軲,['cô'],gū
軶,['ách'],è
軷,['bạt'],bá
軸,['trục'],zhóu
軹,['chỉ'],zhǐ
軻,['kha'],kē
軾,['thức'],shì
輀,['nhi'],ér
輂,['cúc'],jú
輇,['thuyên'],quán
輊,['chí'],zhì
輒,['triếp'],zhé
輓,['vãn'],wǎn
輔,['phụ'],fǔ
輗,['nghê'],ní
輙,['triếp'],zhé
輝,['huy'],huī
輞,['võng'],wǎng
輣,['bành'],péng
輤,['thiến'],qiàn
輥,['cổn'],gǔn
輦,['liễn'],niǎn
輩,['bối'],bèi
輪,['luân'],lún
輫,['bài'],pái
輬,['lương'],liáng
輮,['nhụ'],róu
輯,['tập'],jí
輳,['thấu'],còu
輴,['xuân'],chūn
輶,['du'],yóu
輿,['dư'],yú
轂,['cốc'],gǔ
轄,['hạt'],xiá
轅,['viên'],yuán
轆,['lộc'],lù
轇,['giao'],jiāo
轍,['triệt'],zhé
轎,['kiệu'],jiào
轏,['sạn'],zhàn
轒,['phần'],fén
轕,['cát'],gé
轖,['sắc'],sè
轗,['khảm'],kǎn
轘,['hoàn'],huán
轙,['nghĩ'],yǐ
轜,['nhi'],ér
轝,['dư'],yù
轞,['hạm'],jiàn
轡,['bí'],pèi
轢,['lịch'],lì
辛,['tân'],xīn
辜,['cô'],gū
辠,['tội'],zuì
辢,['lạt'],là
辣,['lạt'],là
辤,['từ'],cí
辭,['từ'],cí
辮,['biện'],biàn
辱,['nhục'],rǔ
農,['nông'],nóng
辳,['nông'],nóng
辵,['sước'],chuò
辶,['sước'],chuò
辺,['biên'],biān
迂,['vu'],yū
迅,['tấn'],xùn
迍,['truân'],zhūn
迓,['nhạ'],yà
迕,['ngỗ'],wù
迣,['sế'],zhì
迨,['đãi'],dài
迪,['địch'],dí
迮,['trách'],zé
述,['thuật'],shù
迴,['hồi'],huí
迶,['hữu'],yòu
迷,['mê'],mí
迹,['tích'],jì
迺,['nãi'],nǎi
迻,['di'],yí
迿,['tuân'],xùn
送,['tống'],sòng
逃,['đào'],táo
逄,['bàng'],páng
逅,['cấu'],hòu
逋,['bô'],bū
逍,['tiêu'],xiāo
透,['thấu'],tòu
逐,['trục'],zhú
逑,['cầu'],qiú
途,['đồ'],tú
逕,['kính'],jìng
逗,['đậu'],dòu
通,['thông'],tōng
逛,['cuống'],guàng
逝,['thệ'],shì
逞,['sính'],chěng
速,['tốc'],sù
逡,['thuân'],qūn
逩,['bôn'],bèn
逭,['hoán'],huàn
週,['chu'],zhōu
逵,['quỳ'],kuí
逶,['uy'],wēi
逸,['dật'],yì
逹,['đạt'],dá
逺,['viễn'],yuǎn
逼,['bức'],bī
遂,['toại'],suì
遄,['thuyên'],chuán
遅,['trì'],chí
遇,['ngộ'],yù
遉,['trinh'],zhēn
遊,['du'],yóu
運,['vận'],yùn
遍,['biến'],biàn
遏,['át'],è
遐,['hà'],xiá
遑,['hoàng'],huáng
達,['đạt'],dá
遘,['cấu'],gòu
遜,['tốn'],xùn
遝,['đạp'],tà
遡,['tố'],sù
遢,['tháp'],tà
遨,['ngao'],áo
遫,['tốc'],chì
遭,['tao'],zāo
遮,['già'],zhē
遯,['độn'],dùn
遵,['tuân'],zūn
遶,['nhiễu'],rào
遷,['thiên'],qiān
遹,['duật'],yù
遼,['liêu'],liáo
遽,['cự'],jù
邀,['yêu'],yāo
邁,['mại'],mài
邂,['giải'],xiè
邃,['thuý'],suì
邇,['nhĩ'],ěr
邈,['mạc'],miǎo
邉,['biên'],biān
邊,['biên'],biān
邋,['lạp'],lā
邏,['la'],luó
邑,['ấp'],yì
⻏,['ấp'],*
邕,['ung'],yōng
邗,['hàn'],hán
邘,['vu'],yú
邙,['mang'],máng
邠,['bân'],bīn
邢,['hình'],xíng
邦,['bang'],bāng
邧,['nguyên'],yuán
邨,['thôn'],cūn
邯,['hàm'],hán
邰,['thai'],tái
邵,['thiệu'],shào
邷,['ngoã'],wǎ
邸,['để'],dǐ
邽,['khuê'],guī
邾,['chu'],zhū
邿,['thi'],shī
郃,['cáp'],hé
郈,['hậu'],hòu
郊,['giao'],jiāo
郎,['lang'],láng
郔,['diên'],yán
郕,['thành'],chéng
郚,['ngữ'],wú
郛,['phu'],fú
郜,['cáo'],gào
郝,['hác'],hǎo
郞,['lang'],láng
郟,['giáp'],jiá
郠,['cánh'],gěng
郡,['quận'],jùn
郢,['dĩnh'],yǐng
郪,['thê'],qī
郫,['bì'],pí
郭,['quách'],guō
郯,['đàm'],tán
郲,['lai'],lái
郳,['nghê'],ní
郴,['sâm'],chēn
郵,['bưu'],yóu
郹,['kích'],jú
都,['đô'],dōu
郾,['yển'],yǎn
鄀,['nhược'],ruò
鄂,['ngạc'],è
鄅,['vũ'],yǔ
鄆,['vận'],yùn
鄇,['hậu'],hóu
鄈,['quỳ'],kuí
鄋,['sưu'],sōu
鄍,['minh'],míng
鄎,['tức'],xī
鄏,['nhục'],rǔ
鄐,['súc'],chù
鄑,['tấn'],zī
鄒,['trâu'],zōu
鄔,['ổ'],wū
鄖,['vân'],yún
鄙,['bỉ'],bǐ
鄜,['phu'],fū
鄞,['ngân'],yín
鄠,['hộ'],hù
鄤,['mạn'],màn
鄦,['hứa'],xǔ
鄧,['đặng'],dèng
鄩,['tầm'],xún
鄬,['vy'],wéi
鄭,['trịnh'],zhèng
鄮,['mậu'],mào
鄯,['thiện'],shàn
鄰,['lân'],lín
鄱,['bà'],pó
鄲,['đan'],dān
鄴,['nghiệp'],yè
鄵,['tháo'],cào
鄺,['quảng'],kuàng
鄾,['ưu'],yōu
酃,['linh'],líng
酆,['phong'],fēng
酉,['dậu'],yǒu
酋,['tù'],qiú
酌,['chước'],zhuó
配,['phối'],pèi
酏,['di'],yǐ
酒,['tửu'],jiǔ
酔,['tuý'],zuì
酕,['mao'],máo
酚,['phân'],fēn
酞,['thái'],tài
酡,['đà'],tuó
酣,['hàm'],hān
酤,['cô'],gū
酥,['tô'],sū
酧,['thù'],chóu
酩,['mính'],mǐng
酪,['lạc'],lào
酬,['thù'],chóu
酮,['đồng'],tóng
酯,['chỉ'],zhǐ
酲,['trình'],chéng
酴,['đồ'],tú
酶,['môi'],méi
酷,['khốc'],kù
酸,['toan'],suān
醁,['lục'],lù
醃,['yêm'],yān
醄,['đào'],táo
醅,['phôi'],pēi
醆,['trản'],zhǎn
醇,['thuần'],chún
醉,['tuý'],zuì
醊,['chuyết'],zhuì
醌,['côn'],kūn
醐,['hồ'],hú
醕,['thuần'],chún
醖,['uấn'],yùn
醜,['xú'],chǒu
醝,['ta'],cuō
醟,['vinh'],yòng
醡,['trá'],zhà
醢,['hải'],hǎi
醣,['đường'],táng
醬,['tương'],jiàng
醭,['phốc'],bú
醮,['tiếu'],jiào
醰,['đàm'],tán
醲,['nùng'],nóng
醳,['dịch'],yì
醴,['lễ'],lǐ
醵,['cự'],jù
醹,['nhu'],rú
醺,['huân'],xūn
醼,['yến'],yàn
醽,['linh'],líng
釀,['nhưỡng'],niàng
釁,['hấn'],xìn
釂,['tiếu'],jiào
釆,['biện'],biàn
釉,['dứu'],yòu
野,['dã'],yě
金,['kim'],jīn
釒,['kim'],jīn
釓,['ca'],gá
釔,['ất'],yǐ
釗,['chiêu'],zhāo
釜,['phủ'],fǔ
釢,['nãi'],nǎi
釣,['điếu'],diào
釧,['xuyến'],chuàn
釷,['thổ'],tǔ
釹,['nục'],nǚ
釺,['thiên'],qiān
鈁,['phương'],fāng
鈃,['hình'],xíng
鈄,['đẩu'],dǒu
鈇,['phu'],fū
鈈,['bất'],bù
鈌,['quyết'],jué
鈍,['độn'],dùn
鈎,['câu'],gōu
鈐,['kiềm'],qián
鈑,['bản'],bǎn
鈒,['táp'],sà
鈕,['nữu'],niǔ
鈞,['quân'],jūn
鈣,['cái'],gài
鈤,['nhật'],rì
鈥,['hoả'],huǒ
鈦,['thái'],tài
鈧,['kháng'],kàng
鈮,['ni'],nǐ
鈰,['thị'],shì
鈴,['linh'],líng
鈷,['cổ'],gǔ
鈹,['phi'],pī
鈺,['ngọc'],yù
鈽,['bố'],bū
鉀,['giáp'],jiǎ
鉄,['thiết'],zhí
鉅,['cự'],jù
鉊,['chiêu'],zhāo
鉋,['bào'],bào
鉕,['phả'],pō
鉗,['kiềm'],qián
鉚,['mão'],mǎo
鉠,['ương'],yāng
鉢,['bát'],bō
鉤,['câu'],gōu
鉥,['thuật'],shù
鉦,['chinh'],zhēng
鉧,['mẫu'],mǔ
鉬,['mục'],mù
鉭,['đán'],tǎn
鉶,['hình'],xíng
鉸,['giảo'],jiǎo
鉼,['bính'],bǐng
鉿,['cáp'],jiā
銀,['ngân'],yín
銃,['súng'],chòng
銅,['đồng'],tóng
銎,['khung'],qióng
銓,['thuyên'],quán
銕,['thiết'],tiě
銖,['thù'],zhū
銘,['minh'],míng
銜,['hàm'],xián
銠,['lão'],lǎo
銣,['như'],rú
銤,['mễ'],mǐ
銥,['y'],yī
銦,['nhân'],yīn
銧,['quang'],guāng
銨,['an'],ǎn
銩,['đâu'],diū
銪,['hữu'],yǒu
銫,['sắc'],sè
銬,['khảo'],kào
銱,['điếu'],diào
銶,['cầu'],qiú
銷,['tiêu'],xiāo
銹,['tú'],xiù
銻,['đễ'],tí
鋂,['môi'],méi
鋃,['lang'],láng
鋆,['quân'],yún
鋇,['bối'],bèi
鋈,['ốc'],wù
鋐,['hoành'],hóng
鋒,['phong'],fēng
鋕,['chí'],zhì
鋝,['luyệt'],lüè
鋡,['hàm'],hán
鋣,['da'],yé
鋤,['sừ'],chú
鋨,['nga'],é
鋩,['mang'],máng
鋯,['cáo'],gào
鋰,['lý'],lǐ
鋱,['thắc'],tè
鋼,['cương'],gāng
錁,['quả'],guǒ
錄,['lục'],lù
錆,['thương'],qiāng
錈,['quyển'],juǎn
錒,['a'],ā
錕,['côn'],kūn
錚,['tranh'],zhēng
錛,['bôn'],bēn
錠,['đĩnh'],dìng
錦,['cẩm'],jǐn
錨,['miêu'],máo
錩,['xương'],chāng
錫,['tích'],xī
錬,['luyện'],liàn
錮,['cố'],gù
録,['lục'],lù
錴,['lục'],lù
錶,['biểu'],biǎo
錸,['lai'],lái
鍀,['đắc'],dé
鍁,['hân'],xiān
鍆,['môn'],mén
鍊,['luyện'],liàn
鍋,['oa'],guō
鍍,['độ'],dù
鍐,['tông'],zōng
鍔,['ngạc'],è
鍘,['trát'],zhá
鍚,['dương'],yáng
鍠,['hoàng'],huáng
鍥,['khiết'],qiè
鍩,['nặc'],tiǎn
鍪,['mâu'],móu
鍫,['thiêu'],qiāo
鍬,['thiêu'],qiāo
鍭,['hầu'],hóu
鍰,['hoàn'],huán
鍳,['giám'],jiàn
鍴,['đoan'],duān
鍵,['kiện'],jiàn
鍾,['chung'],zhōng
鎄,['ai'],āi
鎇,['my'],méi
鎋,['hạt'],xiá
鎌,['liêm'],lián
鎍,['tác'],suǒ
鎏,['lưu'],liú
鎒,['nậu'],nòu
鎖,['toả'],suǒ
鎛,['bác'],bó
鎝,['táp'],dā
鎡,['tư'],zī
鎢,['ô'],wū
鎣,['oánh'],yíng
鎤,['hoảng'],huàng
鎧,['khải'],kǎi
鎪,['sưu'],sōu
鎭,['trấn'],zhèn
鎮,['trấn'],zhèn
鎯,['lang'],láng
鎰,['dật'],yì
鎲,['đảng'],tǎng
鎳,['niết'],niè
鎵,['gia'],jiā
鎸,['tuyên'],juān
鎿,['nã'],ná
鏁,['toả'],suǒ
鏃,['thốc'],zú
鏈,['liên'],liàn
鏊,['ngao'],ào
鏌,['mạc'],mò
鏑,['đích'],dí
鏖,['ao'],áo
鏗,['khanh'],kēng
鏘,['thương'],qiāng
鏜,['thang'],tāng
鏝,['man'],màn
鏤,['lũ'],lòu
鏦,['thung'],cōng
鏰,['băng'],bèng
鏵,['hoa'],huá
鏷,['bộc'],pú
鏸,['huệ'],huì
鏻,['lân'],lín
鏽,['tú'],xiù
鐄,['hoành'],huáng
鐇,['phiên'],fán
鐐,['liêu'],liáo
鐒,['lao'],láo
鐗,['giản'],jiǎn
鐘,['chung'],zhōng
鐝,['quyết'],jué
鐠,['phổ'],pǔ
鐦,['khai'],kāi
鐧,['giản'],jiān
鐨,['phí'],fèi
鐫,['tuyên'],juān
鐮,['liêm'],lián
鐲,['trạc'],zhuó
鐳,['lôi'],léi
鐵,['thiết'],tiě
鐶,['hoàn'],huán
鐸,['đạc'],duó
鐾,['tý'],bèi
鐿,['ý'],yì
鑄,['chú'],zhù
鑊,['hoạch'],huò
鑑,['giám'],jiàn
鑒,['giám'],jiàn
鑔,['sát'],chǎ
鑕,['chất'],zhì
鑞,['lạp'],là
鑠,['thước'],shuò
鑢,['lự'],lǜ
鑣,['tiêu'],biāo
鑤,['bào'],bào
鑥,['lỗ'],lǔ
鑫,['hâm'],xīn
鑱,['sàm'],chán
鑴,['huề'],xī
鑵,['quán'],guàn
鑷,['nhiếp'],niè
鑹,['thoản'],cuān
鑼,['la'],luó
鑾,['loan'],luán
钂,['đảng'],tǎng
钃,['chúc'],zhú
镸,['trường'],cháng
镻,['điệt'],dié
門,['môn'],mén
閂,['soan'],shuān
閆,['diêm'],yán
閈,['hãn'],hàn
閉,['bế'],bì
開,['khai'],kāi
閏,['nhuận'],rùn
閑,['nhàn'],xián
閔,['mẫn'],mǐn
閗,['đấu'],dòu
閛,['phanh'],pēng
閟,['bí'],bì
閡,['ngại'],ài
関,['quan'],guān
閣,['các'],gé
閥,['phiệt'],fá
閧,['hống'],hòng
閨,['khuê'],guī
閩,['mân'],mǐn
閫,['khổn'],kǔn
閭,['lư'],lǘ
閱,['duyệt'],yuè
閲,['duyệt'],yuè
閶,['xương'],chāng
閹,['yêm'],yān
閺,['văn'],wén
閽,['hôn'],hūn
閿,['văn'],wén
闃,['khuých'],qù
闆,['bản'],bǎn
闉,['nhân'],yīn
闊,['khoát'],kuò
闋,['khuyết'],què
闌,['lan'],lán
闐,['điền'],tián
闑,['niết'],niè
闔,['hạp'],hé
闖,['sấm'],chuǎng
闘,['đấu'],dòu
闚,['khuy'],kuī
闡,['xiển'],chǎn
闤,['hoàn'],huán
闥,['thát'],tà
阜,['phụ'],fù
阝,['phụ'],fù
阞,['lặc'],lè
阡,['thiên'],qiān
阪,['phản'],bǎn
阮,['nguyễn'],ruǎn
阯,['chỉ'],zhǐ
防,['phòng'],fáng
阹,['khư'],qū
阻,['trở'],zǔ
陀,['đà'],tuó
附,['phụ'],fù
陋,['lậu'],lòu
陌,['mạch'],mò
限,['hạn'],xiàn
陑,['nhi'],ér
陔,['cai'],gāi
陛,['bệ'],bì
陞,['thăng'],shēng
陟,['trắc'],zhì
陡,['đẩu'],dǒu
院,['viện'],yuàn
陣,['trận'],zhèn
除,['trừ'],chú
陪,['bồi'],péi
陬,['tưu'],zōu
陲,['thuỳ'],chuí
陵,['lăng'],líng
陷,['hãm'],xiàn
陸,['lục'],lù
陻,['nhân'],yīn
陽,['dương'],yáng
陾,['nhưng'],réng
陿,['hiệp'],xiá
隂,['âm'],yīn
隄,['đê'],dī
隅,['ngung'],yú
隆,['long'],lóng
隈,['ôi'],wēi
隉,['niết'],niè
隍,['hoàng'],huáng
階,['giai'],jiē
隒,['nghiệm'],yǎn
隔,['cách'],gé
隖,['ổ'],wù
隙,['khích'],xì
際,['tế'],jì
隞,['ngao'],áo
隟,['khích'],xì
隠,['ẩn'],yǐn
隣,['lân'],lín
隤,['đồi'],tuí
隨,['tuỳ'],suí
險,['hiểm'],xiǎn
隰,['thấp'],xí
隳,['huy'],huī
隴,['lũng'],lǒng
隷,['lệ'],lì
隸,['lệ'],lì
隹,['chuy'],zhuī
隻,['chích'],zhī
隼,['chuẩn'],sǔn
雀,['tước'],què
雁,['nhạn'],yàn
雄,['hùng'],xióng
集,['tập'],jí
雇,['cố'],gù
雉,['trĩ'],zhì
雌,['thư'],cí
雒,['lạc'],luò
雕,['điêu'],diāo
雗,['hàn'],hàn
雘,['hoạch'],wò
雙,['song'],shuāng
雛,['sồ'],chú
雜,['tạp'],zá
雞,['kê'],jī
雪,['tuyết'],xuě
雯,['văn'],wén
雰,['phân'],fēn
雱,['bàng'],pāng
雲,['vân'],yún
零,['linh'],líng
電,['điện'],diàn
霂,['mộc'],mù
霄,['tiêu'],xiāo
霆,['đình'],tíng
霈,['bái'],pèi
霏,['phi'],fēi
霒,['âm'],yīn
霓,['nghê'],ní
霖,['lâm'],lín
霙,['anh'],yīng
霛,['linh'],líng
霜,['sương'],shuāng
霝,['linh'],líng
霞,['hà'],xiá
霡,['mạch'],mài
霢,['mạch'],mài
霣,['vẫn'],yǔn
霤,['lựu'],liù
霧,['vụ'],wù
霨,['uý'],wèi
霩,['khuếch'],kuò
霪,['dâm'],yín
霫,['tập'],xí
霮,['đạm'],dàn
露,['lộ'],lù
靁,['lôi'],léi
靂,['lịch'],lì
靆,['đãi'],dài
靈,['linh'],líng
靉,['ái'],ài
靑,['thanh'],qīng
青,['thanh'],qīng
靛,['điện'],diàn
靝,['thiên'],tiān
靣,['diện'],miàn
靪,['đinh'],dīng
靭,['nhận'],rèn
靮,['đích'],dí
靰,['ngột'],wù
靲,['cầm'],qín
靳,['cận'],jìn
靴,['ngoa'],xuē
靷,['dẫn'],yǐn
靸,['táp'],sǎ
靺,['mạt'],mò
靼,['đát'],dá
靿,['áo'],yào
鞀,['đào'],táo
鞁,['bị'],bèi
鞃,['hoành'],hóng
鞇,['nhân'],yīn
鞉,['đào'],táo
鞋,['hài'],xié
鞏,['củng'],gǒng
鞗,['điều'],tiáo
鞚,['khống'],kòng
鞠,['cúc'],jū
鞡,['lạp'],la
鞣,['nhu'],róu
鞥,['nhăng'],ēng
鞦,['thu'],qiū
鞧,['thu'],qiū
鞫,['cúc'],jū
鞬,['kiện'],jiān
鞭,['tiên'],biān
鞮,['đê'],dī
鞲,['câu'],gōu
鞵,['hài'],xié
鞶,['bàn'],pán
鞾,['ngoa'],xuē
韁,['cương'],jiāng
韃,['thát'],dá
韅,['hiển'],xiǎn
韆,['thiên'],qiān
韉,['tiên'],jiān
韌,['nhận'],rèn
韍,['phất'],fú
韎,['muội'],mèi
韓,['hàn'],hán
韙,['vĩ'],wěi
韝,['câu'],gōu
韣,['độc'],dú
韭,['cửu'],jiǔ
韱,['tiêm'],xiān
韶,['thiều'],sháo
韺,['anh'],yīng
韻,['vận'],yùn
響,['hưởng'],xiǎng
頀,['hộ'],hù
頁,['hiệt'],yè
頄,['cừu'],kuí
項,['hạng'],xiàng
順,['thuận'],shùn
頇,['han'],hān
須,['tu'],xū
頊,['húc'],xū
預,['dự'],yù
頑,['ngoan'],wán
頓,['đốn'],dùn
頖,['phán'],pàn
頞,['át'],è
頟,['ngạch'],é
頠,['ngỗi'],wěi
頤,['di'],yí
頭,['đầu'],tóu
頰,['giáp'],jiá
頴,['dĩnh'],yǐng
頸,['cảnh'],jǐng
頹,['đồi'],tuí
頻,['tần'],pín
頽,['đồi'],tuí
顇,['tuỵ'],cuì
顋,['tai'],sāi
額,['ngạch'],é
顎,['ngạc'],è
顏,['nhan'],yán
顑,['kham'],kǎn
顒,['ngung'],yóng
顓,['chuyên'],zhuān
顔,['nhan'],yán
願,['nguyện'],yuàn
顙,['tảng'],sǎng
顚,['điên'],diān
顛,['điên'],diān
顜,['giảng'],jiǎng
類,['loại'],lèi
顢,['man'],mán
顦,['tiều'],qiáo
顧,['cố'],gù
顬,['nhu'],rú
顯,['hiển'],xiǎn
顰,['tần'],pín
顳,['nhiếp'],niè
顴,['quyền'],quán
颯,['táp'],sà
颳,['quát'],guā
颶,['cụ'],jù
颺,['dương'],yáng
颽,['khải'],kǎi
飀,['lưu'],liú
飂,['liêu'],liù
飃,['phiêu'],piāo
飄,['phiêu'],piāo
飈,['biểu'],biāo
飌,['phong'],fēng
飛,['phi'],fēi
飜,['phiên'],fān
飠,['thực'],shí
飣,['đính'],dìng
飤,['tự'],sì
飥,['thác'],tuō
飩,['đồn'],tún
飪,['nhẫm'],rèn
飭,['sức'],chì
飶,['tất'],bì
飼,['tự'],sì
飽,['bão'],bǎo
飾,['sức'],shì
飿,['đốt'],duò
餀,['hải'],hài
餁,['nhẫm'],rèn
餄,['hợp'],jiá
餅,['bánh'],bǐng
餈,['tư'],cí
餉,['hướng'],xiǎng
餎,['lạc'],le
餐,['xan'],cān
餑,['bột'],bō
餒,['nỗi'],něi
餕,['tuấn'],jùn
餖,['đậu'],dòu
餗,['tốc'],sù
餘,['dư'],yú
餚,['hào'],yáo
餛,['hồn'],hún
餜,['quả'],guǒ
餞,['tiễn'],jiàn
餟,['chuyết'],zhuì
餠,['bính'],bǐng
餡,['hãm'],xiàn
館,['quán'],guǎn
餩,['ách'],è
餪,['noãn'],nuǎn
餫,['hồn'],yùn
餬,['hồ'],hú
餮,['thiết'],tiè
餯,['hối'],huì
餱,['hầu'],hóu
餵,['uỷ'],wèi
餶,['cốt'],gǔ
餸,['tống'],sòng
餹,['đường'],táng
餺,['bác'],bó
餻,['cao'],gāo
餽,['quỹ'],kuì
餿,['sưu'],sōu
饃,['mô'],mó
饅,['man'],mán
饈,['tu'],xiū
饉,['cận'],jǐn
饋,['quỹ'],kuì
饍,['thiện'],shàn
饐,['ý'],yì
饒,['nhiêu'],ráo
饔,['ung'],yōng
饕,['thao'],tāo
饗,['hưởng'],xiǎng
饘,['chiên'],zhān
饙,['phân'],fēn
饜,['yếm'],yàn
饝,['ma'],mó
饞,['sàm'],chán
饟,['hướng'],xiǎng
馗,['quỳ'],kuí
香,['hương'],xiāng
馝,['tất'],bì
馣,['am'],ān
馬,['mã'],mǎ
馭,['ngự'],yù
馲,['trách'],zhé
馳,['trì'],chí
馵,['chú'],zhù
馹,['nhật'],rì
駁,['bác'],bó
駈,['khu'],qū
駉,['quynh'],jiōng
駐,['trú'],zhù
駑,['nô'],nú
駒,['câu'],jū
駓,['phi'],pī
駕,['giá'],jià
駗,['trân'],zhěn
駛,['sử'],shǐ
駜,['bật'],bì
駞,['đà'],tuó
駟,['tứ'],sì
駡,['mạ'],mà
駢,['biền'],pián
駪,['sân'],shēn
駬,['nhĩ'],ěr
駭,['hãi'],hài
駮,['bác'],bó
駰,['nhân'],yīn
駱,['lạc'],luò
駴,['hãi'],hài
駵,['lưu'],liú
駸,['xâm'],qīn
駹,['mang'],máng
駻,['hãn'],hàn
駾,['thoái'],tuì
駿,['tuấn'],jùn
騁,['sính'],chěng
騄,['lục'],lù
騅,['chuy'],zhuī
騇,['xá'],shè
騉,['côn'],kūn
騋,['lai'],lái
騐,['nghiệm'],yàn
騑,['phi'],fēi
験,['nghiệm'],yàn
騕,['yểu'],yǎo
騖,['vụ'],wù
騠,['đề'],tí
騢,['hà'],xiá
騣,['tông'],zōng
騭,['chất'],zhì
騮,['lưu'],liú
騰,['đằng'],téng
騵,['nguyên'],yuán
騶,['sô'],zōu
騷,['tao'],sāo
騺,['chí'],zhì
驀,['mạch'],mò
驂,['tham'],cān
驄,['thông'],cōng
驅,['khu'],qū
驆,['tất'],bì
驈,['duật'],yù
驊,['hoa'],huá
驌,['túc'],sù
驍,['kiêu'],xiāo
驎,['lân'],lín
驏,['sạn'],zhàn
驒,['đàn'],tuó
驔,['đàm'],diàn
驕,['kiêu'],jiāo
驖,['thiết'],tiě
驗,['nghiệm'],yàn
驚,['kinh'],jīng
驛,['dịch'],yì
驟,['sậu'],zhòu
驢,['lư'],lǘ
驤,['tương'],xiāng
驦,['sương'],shuāng
驩,['hoan'],huān
驫,['bưu'],biāo
骨,['cốt'],gǔ
骫,['uỷ'],wěi
骭,['cán'],gàn
骯,['khảng'],āng
骰,['đầu'],tóu
骱,['giới'],jiè
骴,['tỳ'],cī
骶,['để'],dǐ
骷,['khô'],kū
骸,['hài'],hái
骹,['khao'],qiāo
骺,['hầu'],hóu
骼,['cách'],gé
髀,['bễ'],bì
髂,['khách'],qià
髆,['bác'],bó
髈,['bảng'],bǎng
髍,['ma'],mó
髏,['lâu'],lóu
髑,['độc'],dú
髓,['tuỷ'],suǐ
體,['thể'],tǐ
髖,['khoan'],kuān
高,['cao'],gāo
髙,['cao'],gāo
髠,['khôn'],kūn
髡,['khôn'],kūn
髢,['thế'],dí
髣,['phảng'],fǎng
髥,['nhiêm'],rán
髦,['mao'],máo
髨,['khôn'],kūn
髪,['phát'],fà
髯,['nhiêm'],rán
髲,['bị'],bì
髳,['mâu'],máo
髹,['hưu'],xiū
髾,['sao'],shāo
鬅,['bằng'],péng
鬈,['quyền'],quán
鬍,['hồ'],hú
鬏,['thu'],jiū
鬑,['liêm'],lián
鬒,['chẩn'],zhěn
鬗,['man'],mán
鬘,['man'],mán
鬙,['tăng'],sēng
鬚,['tu'],xū
鬟,['hoàn'],huán
鬠,['quái'],kuò
鬣,['liệp'],liè
鬥,['đấu'],dòu
鬦,['đấu'],dòu
鬩,['huých'],xì
鬪,['đấu'],dòu
鬬,['đấu'],dòu
鬭,['đấu'],dòu
鬮,['cưu'],jiū
鬯,['sưởng'],chàng
鬰,['uất'],yù
鬷,['tông'],zōng
鬼,['quỷ'],guǐ
魁,['khôi'],kuí
魂,['hồn'],hún
魃,['bạt'],bá
魅,['mị'],mèi
魈,['tiêu'],xiāo
魊,['vực'],yù
魋,['đồi'],tuí
魌,['khi'],qī
魍,['võng'],wǎng
魔,['ma'],mó
魘,['yểm'],yǎn
魚,['ngư'],yú
魛,['đao'],dāo
魟,['hồng'],hóng
魨,['đồn'],tún
魭,['nguyên'],yuán
魴,['phường'],fáng
魷,['vưu'],yóu
鮀,['đà'],tuó
鮃,['bình'],píng
鮆,['tễ'],cǐ
鮌,['cổn'],gǔn
鮍,['bì'],pī
鮒,['phụ'],fù
鮞,['nhi'],ér
鮟,['án'],àn
鮣,['ấn'],yìn
鮦,['đồng'],tóng
鮫,['giao'],jiāo
鮶,['quân'],jūn
鮸,['miễn'],miǎn
鮿,['triếp'],zhé
鯀,['cổn'],gǔn
鯆,['phô'],pū
鯇,['cán'],huàn
鯈,['du'],tiáo
鯊,['sa'],shā
鯗,['tưởng'],xiǎng
鯛,['điêu'],diāo
鯠,['lai'],lái
鯡,['phi'],fèi
鯢,['nghê'],ní
鯤,['côn'],kūn
鯧,['xương'],chāng
鯪,['lăng'],líng
鯸,['hầu'],hóu
鯽,['tức'],zéi
鯿,['biên'],biān
鰂,['tặc'],zéi
鰆,['xuân'],chūn
鰈,['điệp'],dié
鰉,['hoàng'],huáng
鰋,['yển'],yǎn
鰍,['thu'],qiū
鰐,['ngạc'],è
鰒,['phục'],fù
鰓,['tai'],sāi
鰕,['hà'],xiā
鰜,['kiêm'],qiàn
鰟,['bàng'],fáng
鰣,['thì'],shí
鰤,['sư'],shī
鰦,['tư'],zī
鰨,['tháp'],tǎ
鰱,['liên'],lián
鰲,['ngao'],áo
鰳,['lặc'],lè
鰷,['điều'],tiáo
鰹,['kiên'],jiān
鰻,['man'],mán
鰼,['tập'],xí
鰾,['phiêu'],biào
鱀,['ký'],jì
鱈,['tuyết'],xuě
鱎,['kiểu'],jiǎo
鱔,['thiện'],shàn
鱖,['quyết'],guì
鱗,['lân'],lín
鱘,['tầm'],xún
鱝,['phẫn'],fèn
鱤,['cảm'],gǎn
鱧,['lễ'],lǐ
鱨,['thường'],cháng
鱭,['tễ'],jì
鱮,['tự'],xù
鱵,['châm'],zhēn
鱷,['ngạc'],è
鱻,['tiên'],xiān
鳥,['điểu'],niǎo
鳦,['ất'],yǐ
鳧,['phù'],fú
鳩,['cưu'],jiū
鳬,['phù'],fǔ
鳲,['thi'],shī
鳶,['diên'],yuān
鳷,['chi'],zhī
鳽,['khiên'],jiān
鴃,['quyết'],jué
鴄,['thất'],pǐ
鴇,['bảo'],bǎo
鴈,['nhạn'],yàn
鴉,['nha'],yā
鴒,['linh'],líng
鴕,['đà'],tuó
鴗,['lập'],lì
鴛,['uyên'],yuān
鴝,['cù'],qú
鴟,['si'],chī
鴢,['ấu'],yǎo
鴣,['cô'],gū
鴥,['duật'],yù
鴦,['ương'],yāng
鴨,['áp'],yā
鴯,['nhi'],ér
鴳,['yến'],yàn
鴴,['hằng'],héng
鴷,['liệt'],liè
鴻,['hồng'],hóng
鴽,['như'],rú
鴿,['cáp'],gē
鵂,['hưu'],xiū
鵑,['quyên'],juān
鵒,['dục'],yù
鵓,['bột'],bó
鵗,['hy'],xī
鵙,['quyết'],jú
鵜,['đề'],tí
鵝,['nga'],é
鵞,['nga'],é
鵟,['cuồng'],kuáng
鵡,['vũ'],wǔ
鵩,['phục'],fú
鵪,['am'],ān
鵫,['trạo'],zhuó
鵬,['bằng'],péng
鵰,['điêu'],diāo
鵲,['thước'],què
鵶,['nha'],yā
鵷,['uyên'],yuān
鵾,['côn'],kūn
鶂,['nghịch'],yì
鶇,['đông'],dōng
鶉,['thuần'],chún
鶊,['canh'],gēng
鶒,['xích'],chì
鶓,['miêu'],miáo
鶖,['thu'],qiū
鶘,['hồ'],hú
鶚,['ngạc'],è
鶡,['hạt'],hé
鶤,['côn'],kūn
鶩,['vụ'],wù
鶬,['thương'],cāng
鶯,['oanh'],yīng
鶱,['hiên'],xiān
鶴,['hạc'],hè
鶵,['sồ'],chú
鶹,['lưu'],liú
鶺,['tích'],jí
鶼,['kiêm'],jiān
鶿,['tư'],cí
鷁,['nghịch'],yì
鷃,['yến'],yàn
鷄,['kê'],jī
鷇,['cấu'],kòu
鷈,['đề'],tī
鷉,['đề'],tī
鷊,['nghịch'],yì
鷕,['diểu'],yǎo
鷖,['ê'],yī
鷗,['âu'],ōu
鷙,['chí'],zhì
鷦,['tiêu'],jiāo
鷩,['tế'],bì
鷫,['túc'],sù
鷯,['liêu'],liáo
鷰,['yến'],yàn
鷳,['nhàn'],xián
鷴,['nhàn'],xián
鷹,['ưng'],yīng
鷺,['lộ'],lù
鷽,['hạc'],xué
鷾,['ý'],yì
鷿,['tịch'],pì
鸂,['khê'],xī
鸇,['chiên'],zhān
鸊,['tịch'],pì
鸌,['oách'],hù
鸎,['oanh'],yīng
鸐,['địch'],dí
鸑,['nhạc'],yuè
鸕,['lô'],lú
鸘,['sương'],shuāng
鸚,['anh'],yīng
鸛,['quán'],guàn
鸜,['cù'],qú
鸞,['loan'],luán
鹵,['lỗ'],lǔ
鹺,['ta'],cuó
鹿,['lộc'],lù
麀,['ưu'],yōu
麁,['thô'],cū
麄,['thô'],cū
麅,['bào'],páo
麈,['chủ'],zhǔ
麐,['lân'],lín
麑,['nghê'],ní
麓,['lộc'],lù
麝,['xạ'],shè
麞,['chương'],zhāng
麟,['lân'],lín
麠,['canh'],jīng
麤,['thô'],cū
麥,['mạch'],mài
麩,['phu'],fū
麪,['miến'],miàn
麫,['miến'],miàn
麮,['khứ'],qù
麯,['khúc'],qū
麰,['mâu'],móu
麴,['khúc'],qū
麵,['miến'],miàn
麺,['miến'],miàn
麻,['ma'],má
麼,['ma'],me
麾,['huy'],huī
黀,['tưu'],zōu
黁,['nuyên'],nún
黇,['chiêm'],tiān
黌,['huỳnh'],hóng
黍,['thử'],shǔ
黎,['lê'],lí
黏,['niêm'],nián
黑,['hắc'],hēi
黒,['hắc'],hēi
黓,['dặc'],yì
黔,['kiềm'],qián
黕,['đảm'],dǎn
默,['mặc'],mò
黛,['đại'],dài
黜,['truất'],chù
黝,['ửu'],yǒu
點,['điểm'],diǎn
黟,['y'],yī
黠,['hiệt'],xiá
黥,['kình'],qíng
黦,['uất'],yuè
黧,['lê'],lí
黯,['ảm'],àn
黰,['chẩn'],zhěn
黱,['đại'],dài
黲,['thảm'],cǎn
黶,['yểm'],yǎn
黷,['độc'],dú
黹,['chỉ'],zhǐ
黻,['phất'],fú
黼,['phủ'],fǔ
鼃,['oa'],wā
鼅,['tri'],zhī
鼇,['ngao'],áo
鼉,['đà'],tuó
鼎,['đỉnh'],dǐng
鼏,['mịch'],mì
鼐,['nãi'],nài
鼓,['cổ'],gǔ
鼕,['đông'],dōng
鼖,['phần'],fén
鼗,['đào'],táo
鼟,['thăng'],tēng
鼠,['thử'],shǔ
鼩,['cù'],qú
鼪,['sinh'],shēng
鼫,['thạch'],shí
鼬,['dứu'],yòu
鼯,['ngô'],wú
鼱,['tinh'],jīng
鼴,['yển'],yǎn
鼷,['hề'],xī
鼽,['cừu'],qiú
齆,['úng'],wèng
齇,['tra'],zhā
齈,['nông'],nòng
齉,['nang'],nàng
齋,['trai'],zhāi
齌,['tễ'],jì
齏,['tê'],jī
齒,['xỉ'],chǐ
齔,['sấn'],chèn
齕,['hột'],hé
齗,['ngân'],yín
齙,['bao'],bāo
齞,['nghiễn'],yǎn
齠,['điều'],tiáo
齡,['linh'],líng
齩,['giảo'],yǎo
齬,['ngữ'],yǔ
齮,['nghĩ'],yǐ
齯,['nghê'],ní
齱,['châu'],zōu
齵,['ngu'],óu
齶,['ngạc'],è
齷,['ác'],wò
龎,['bàng'],páng
龑,['yểm'],yǎn
龒,['long'],lóng
龔,['cung'],gōng
龘,['đạp'],dá
龢,['hoà'],hé
龤,['hài'],xié
龥,['dụ'],yù
䇲,['sách'],ce4
丁,['đinh'],ding1
丆,[],xx5
万,['mặc'],mo4
三,['tam'],san1
不,['bất'],bu4
丏,['miễn'],mian3
且,['thả'],qie3
丗,['thế'],shi4
丞,['thừa'],cheng2
両,['lưỡng'],liang3
並,"['tịnh', 'tính']",bing4
串,['xuyến'],chuan4
丿,"['phẩy', 'triệt']",pie3
么,['yêu'],yao1
乍,['sạ'],zha4
乎,['hồ'],hu1
乑,['chúng'],zhong4
乚,['ất'],ya4
乞,['khất'],qi3
于,"['vu', 'ư', 'hu']",yu2
些,['ta'],xie1
亞,['á'],ya4
亡,['vong'],wang2
亢,['kháng'],kang4
亨,['hanh'],heng1
亶,['đản'],dan3
仆,['bộc'],pu1
从,"['tòng', 'tùng']",cong2
仰,['ngưỡng'],yang3
仳,['tỷ'],pi3
份,['phần'],fen4
仿,"['phỏng', 'phảng']",fang3
伎,['kỹ'],ji4
伙,['hoả'],huo3
伴,['bạn'],ban4
伽,['già'],jia1
佔,['chiếm'],zhan4
佗,['đà'],tuo2
余,['dư'],yu2
佛,['phật'],fo2
佣,['dong'],yong4
佰,['bách'],bai3
佴,['nhị'],er4
佼,['giảo'],jiao3
使,"['sử', 'sứ']",shi3
來,['lai'],lai2
依,['y'],yi1
侯,['hầu'],hou2
信,['tín'],xin4
俶,['thục'],chu4
倅,['thối'],cui4
倓,['đàm'],tan2
倡,['xướng'],chang4
倣,"['phỏng', 'phảng']",fang3
倩,['thiến'],qian4
倭,"['oa', 'nuỵ']",wo1
偭,['diện'],mian3
偯,['ỷ'],yi3
傅,"['phó', 'phụ']",fu4
傍,"['bàng', 'bạng']",bang4
傒,['hề'],xi1
傖,['sanh'],cang1
傭,"['dong', 'dung']",yong1
僄,['phiêu'],piao4
僅,['cận'],jin3
儃,['thản'],chan2
儅,['đang'],dang1
儎,"['tải', 'tái']",zai4
儐,['tân'],bin1
儓,['đài'],tai2
儱,['lũng'],long3
儲,['trữ'],chu3
儳,['sàm'],chan4
儿,['nhân'],ren2
兀,['ngột'],wu4
兌,['đoái'],dui4
內,['nội'],nei4
兩,"['lưỡng', 'lượng', 'lạng']",liang3
共,['cộng'],gong4
其,['kỳ'],qi2
冒,['mạo'],mao4
冰,['băng'],bing1
凇,['tùng'],song1
凊,['sảnh'],jing4
几,"['cơ', 'ky']",ji1
処,['xử'],chu3
划,['hoa'],hua2
刵,['nhĩ'],er4
刾,['thích'],ci4
剏,['sáng'],chuang4
剔,['dịch'],ti1
剙,['sáng'],chuang4
剸,[],tuan2
剽,['phiêu'],piao1
勑,['sắc'],chi4
勝,['thắng'],sheng4
勞,"['lao', 'lạo']",lao2
勺,['thược'],shao2
匕,['chuỷ'],bi3
北,['bắc'],bei3
匸,['hệ'],xi4
匾,['biển'],bian3
南,['nam'],nan2
卜,['bốc'],bu3
危,['nguy'],wei1
厂,['hán'],han3
厎,['chỉ'],zhi3
厖,['bàng'],pang2
原,['nguyên'],yuan2
厭,['yếm'],yan4
厲,['lệ'],li4
去,"['khứ', 'khử']",qu4
叄,['tam'],san1
叅,['tham'],can1
反,['phản'],fan3
取,['thủ'],qu3
叚,['giả'],jia3
只,['chỉ'],zhi3
台,['đài'],tai2
叶,['hiệp'],xie2
吃,['cật'],chi1
听,['dẫn'],yin3
吹,"['xuy', 'xuý']",chui1
呀,['nha'],ya5
呂,"['lữ', 'lã']",lu:3
呆,"['ngốc', 'ngai']",dai1
呱,['oa'],gu1
呴,['hú'],xu1
呺,['hiêu'],xiao1
呼,['hô'],hu1
咁,['cám'],gan1
咅,['phủ'],pou3
咎,['cữu'],jiu4
咐,['phó'],fu4
咖,['ca'],ka1
咤,['trá'],zha4
咬,['giảo'],yao3
咺,['tuyển'],xuan3
咻,['hưu'],xiu1
哆,['đá'],duo1
員,['viên'],yuan2
哱,['bột'],bo1
哺,['bú'],bu3
哿,['cả'],ge3
唅,['hàm'],han2
唊,['giáp'],jia2
唔,['ngô'],wu2
唬,['hổ'],hu3
唸,['niệm'],nian4
唼,['xiệp'],sha3
啄,['trác'],zhuo2
啉,['lâm'],lin2
啍,['thôn'],tun1
啑,['điệp'],die2
啡,['phê'],fei1
喀,['ca'],ka1
喁,['ngung'],yong2
喑,['âm'],yin1
喻,['dụ'],yu4
嗃,['hạc'],he4
嗔,['sân'],chen1
嗛,"['khiểm', 'hiềm']",qian4
嗦,['sách'],suo1
嗻,['chạ'],zhe4
嘀,['đê'],di1
嘎,['ca'],ga2
嘐,['hao'],xiao1
嘑,['hô'],hu1
嘔,['ẩu'],ou3
嘜,['mác'],mai4
嘶,['tê'],si1
嘿,['hắc'],hei1
噁,['ác'],e4
噍,['tiếu'],jiao4
噢,['úc'],o1
噫,['y'],yi1
噹,['đang'],dang1
嚜,['ma'],me5
嚱,['hi'],xi1
嚷,['nhượng'],rang3
囍,['hỉ'],xi3
圂,['hỗn'],hun4
圉,['ngữ'],yu3
圌,['thuỳ'],chui2
圏,['khuyên'],quan1
圕,"['thoan', 'đồ thư quán']",tuan1
土,['thổ'],tu3
圻,['kỳ'],qi2
圾,['sắc'],ji1
均,['quân'],jun1
坡,['pha'],po1
坷,['khả'],ke3
垌,['dũng'],dong4
垺,['phu'],pou2
城,['thành'],cheng2
埤,['bì'],pi2
埲,['bồng'],beng3
埶,['nghệ'],yi4
培,['bồi'],pei2
堄,['nghê'],ni4
堤,['đê'],di1
塈,['ký'],ji4
塔,['tháp'],ta3
塟,['táng'],zang4
塿,['lũ'],lou3
墉,['dung'],yong1
墖,['tháp'],ta3
墝,"['khao', 'nghiêu']",qiao1
墮,['đoạ'],duo4
墳,['phần'],fen2
壅,"['ủng', 'ung']",yong1
壘,['luỹ'],lei3
壼,['khổn'],kun3
夆,['phùng'],feng2
夏,['hạ'],xia4
夢,['mộng'],meng4
夬,['quái'],guai4
夭,['yểu'],yao1
契,"['khế', 'khất']",qi4
奧,"['ảo', 'áo']",ao4
妃,['phi'],fei1
妨,['phương'],fang2
妯,['trục'],zhou2
妲,['đát'],da2
妺,['mạt'],mo4
姁,['hủ'],xu3
姣,['giao'],jiao1
姶,['ấp'],e4
姺,[],xian3
娭,['ai'],ai1
娸,['kỳ'],qi2
婁,['lâu'],lou2
婐,['oả'],wo3
婼,['xúc'],chuo4
媮,['thâu'],tou1
嫖,['phiêu'],piao2
嫗,['ẩu'],yu4
嬈,['nhiêu'],rao2
嬤,['ma'],mo2
嬾,['lãn'],lan3
孑,['kiết'],jie2
孓,['quyết'],jue2
孖,['tư'],zi1
孫,['tôn'],sun1
孶,['tư'],zi1
宁,['trữ'],zhu4
它,['tha'],ta1
守,['thủ'],shou3
宓,['mật'],mi4
宛,['uyển'],wan3
害,['hại'],hai4
家,['gia'],jia1
寠,['cũ'],ju4
射,['xạ'],she4
尉,['uý'],wei4
尢,['uông'],wang1
尥,['liệu'],liao4
尼,['ni'],ni2
屎,['thỉ'],shi3
屛,['bình'],ping2
履,['lý'],lu:3
屩,['cược'],jue1
岭,['linh'],ling2
峙,['trĩ'],zhi4
峝,['đồng'],tong2
崤,['hào'],xiao2
崱,['trắc'],ze2
嶠,['kiệu'],jiao4
嶷,['nghi'],yi2
嶼,['tự'],yu3
巛,['xuyên'],chuan1
巿,['phất'],fu2
帑,['thảng'],tang3
帕,['phách'],pa4
帥,['soái'],shuai4
幕,"['màn', 'mạc']",mu4
幨,['xiêm'],chan1
干,['can'],gan1
并,['tinh'],bing1
幷,"['tịnh', 'tính']",bing4
幹,['cán'],gan4
幼,['ấu'],you4
广,['nghiễm'],yan3
庋,"['kỹ', 'quỷ']",gui3
庬,['bàng'],pang2
庭,['đình'],ting2
庳,['tý'],bi4
庸,['dung'],yong1
廌,['trãi'],zhi4
廕,['ấm'],yin4
廨,['giải'],xie4
廾,['củng'],gong3
弁,['biện'],bian4
弇,['yểm'],yan3
張,['trương'],zhang1
弸,['bằng'],peng2
弾,['đạn'],dan4
彙,['hội'],hui4
彡,['sam'],shan1
彴,['chước'],zhuo2
彸,['chung'],zhong1
徇,['tuẫn'],xun4
從,"['tòng', 'tùng']",cong2
徠,['lai'],lai2
御,['ngự'],yu4
復,['phục'],fu4
微,['vi'],wei1
徯,['hề'],xi1
忘,['vong'],wang4
忸,['nữu'],niu3
怗,['thiếp'],tie1
思,"['tư', 'tứ']",si1
怨,['oán'],yuan4
恣,['tứ'],zi4
恫,['đỗng'],dong4
悖,['bội'],bei4
惔,['đàm'],tan2
惚,['hốt'],hu1
惝,['thảng'],chang3
愉,['du'],yu2
愒,['khái'],kai4
感,['cảm'],gan3
愬,['tố'],su4
愴,['sảng'],chuang4
慌,['hoảng'],huang1
慬,['cần'],qin2
慮,['lự'],lu:4
慴,['nhiếp'],she4
慵,['dung'],yong1
憭,['liễu'],liao3
憾,['hám'],han4
懞,['mông'],meng2
懵,['mộng'],meng3
戄,['quặc'],jue2
或,['hoặc'],huo4
戧,['thương'],qiang1
戯,['hí'],xi4
戱,['hí'],xi4
戲,['hí'],xi4
戾,['lệ'],li4
房,['phòng'],fang2
扃,['quynh'],jiong1
扔,['nhưng'],reng1
扞,['hãn'],han4
扠,['xoa'],cha1
扡,['tha'],chi3
扱,['hấp'],xi1
扶,"['phò', 'phù']",fu2
找,['trảo'],zhao3
承,['thừa'],cheng2
抃,['biến'],bian4
抆,['vấn'],wen4
抓,['trảo'],zhua1
抔,['bồi'],pou2
投,['đầu'],tou2
抨,['phanh'],peng1
拆,['sách'],chai1
拌,['bạn'],ban4
拍,['phách'],pai1
拏,['nã'],na2
拒,['cự'],ju4
拔,['bạt'],ba2
拘,['câu'],ju1
招,['chiêu'],zhao1
括,['quát'],kuo4
拮,['kiết'],jie2
挈,['khiết'],qie4
挎,['khoá'],kua4
挐,['nã'],na2
振,['chấn'],zhen4
挶,['cư'],ju2
挼,['nhoa'],ruo2
捓,['da'],ye2
捩,['liệt'],lie4
捱,['ai'],ai2
捲,"['cuốn', 'quyển']",juan3
捷,['tiệp'],jie2
捻,['niệp'],nian3
捼,['nhoa'],ruo2
掞,['thiểm'],shan4
探,['thám'],tan4
控,['khống'],kong4
措,['thố'],cuo4
掫,['tưu'],zou1
揃,['tiên'],jian1
揍,['tấu'],zou4
揖,['ấp'],yi1
揗,['thuẫn'],shun3
揘,['hoành'],huang2
揝,['toản'],zuan4
揭,['yết'],jie1
揲,['thiệt'],she2
揳,['tiết'],xie1
揵,['kiền'],qian2
搏,['bác'],bo2
搔,['tao'],sao1
搕,['khạp'],ke4
搭,['đáp'],da1
搰,['hột'],hu2
摑,['quách'],guai1
摧,['tồi'],cui1
摭,['chích'],zhi2
摰,['nghiệt'],nie4
摶,['đoàn'],tuan2
摺,['triệp'],zhe2
撅,['quyệt'],jue1
撏,['triêm'],xian2
撕,['tê'],si1
撚,['niễn'],nian3
撞,['tràng'],zhuang4
撣,['đạn'],dan3
撥,['bát'],bo1
撫,['phủ'],fu3
播,['bá'],bo1
撰,['soạn'],zhuan4
撿,['kiểm'],jian3
擁,['ủng'],yong1
擉,['trạc'],chuo4
擐,['hoàn'],huan4
擖,['ca'],ge3
擗,['phích'],pi3
擘,['phách'],bo4
擩,['nhũ'],ru3
擭,['hoạch'],huo4
擸,['liệp'],lie4
攂,['lôi'],lei2
攘,['nhương'],rang3
攣,['luyến'],luan2
攪,['giảo'],jiao3
攴,"['phộc', 'phác']",pu1
攵,"['phộc', 'phác']",pu1
放,['phóng'],fang4
政,['chính'],zheng4
敎,['giáo'],jiao4
敖,['ngao'],ao2
敦,['đôn'],dun1
斁,['dịch'],yi4
斄,['lai'],tai2
文,['văn'],wen2
斐,['phỉ'],fei3
斗,"['đẩu', 'đấu']",dou3
料,['liệu'],liao4
斜,['tà'],xie2
斡,['oát'],wo4
斸,['trọc'],zhu3
方,['phương'],fang1
施,"['thi', 'thí']",shi1
斿,['du'],you2
旁,['bàng'],pang2
族,['tộc'],zu2
既,['ký'],ji4
旣,['ký'],ji4
日,['nhật'],ri4
旬,['tuần'],xun2
旰,['cán'],gan4
昏,['hôn'],hun1
昔,['tích'],xi1
昫,['hú'],xu4
昳,['điệt'],die2
昵,['nật'],ni4
昶,['sưởng'],chang3
景,['cảnh'],jing3
晳,['tích'],xi1
晻,['ám'],an4
暇,['hạ'],xia2
暍,['hát'],he4
暖,['noãn'],nuan3
暝,['minh'],ming2
暴,['bạo'],bao4
曏,['hướng'],xiang4
曼,['mạn'],man4
有,['hữu'],you3
朓,['thiểu'],tiao3
朞,['kỳ'],qi1
期,['kỳ'],qi1
朧,['lung'],long2
朱,['chu'],zhu1
杆,['can'],gan1
杉,['sam'],shan1
杕,['đệ'],di4
杶,['suân'],chun1
杼,['trữ'],zhu4
枇,['tỳ'],pi2
枋,['phương'],fang1
枒,['nha'],ya2
枓,['đẩu'],dou3
枕,['chẩm'],zhen3
枝,['chi'],zhi1
枹,['phu'],fu1
柁,['đà'],tuo2
柈,['bàn'],pan2
柎,['phu'],fu1
柑,['cam'],gan1
柙,['hiệp'],xia2
柚,['dữu'],you4
柞,['tạc'],zuo4
柤,['tra'],zha1
柱,['trụ'],zhu4
柴,['sài'],chai2
柵,[],zha4
栝,['quát'],gua1
栟,['bôn'],bing1
栢,['bách'],bai3
核,"['hạch', 'hạt']",he2
格,['cách'],ge2
栽,['tài'],zai1
桉,['an'],an1
桎,['trất'],zhi4
桴,['phù'],fu2
桿,['can'],gan3
梢,['sao'],shao1
梧,['ngô'],wu2
梭,['thoa'],suo1
梲,['chuyết'],zhuo2
棋,['kỳ'],qi2
棍,['côn'],gun4
棣,['đệ'],di4
棬,['khuyên'],quan1
棲,['thê'],qi1
棵,['khoả'],ke1
棹,['trác'],zhuo1
棺,['quan'],guan1
椅,['ỷ'],yi3
椐,['cư'],ju1
椰,['dừa'],ye1
椷,['giam'],jian1
椹,['thậm'],shen4
椿,['xuân'],chun1
楎,['hồn'],hun2
楔,['tiết'],xie1
楥,['huyên'],xuan4
楬,['kiệt'],jie2
概,['khái'],gai4
榦,['cán'],gan4
榲,['ôn'],wen1
榼,['khạp'],ke4
槁,['cảo'],gao3
槌,['chuỳ'],chui2
槍,['thương'],qiang1
槕,['trác'],zhuo1
槭,['túc'],qi4
槱,['dửu'],you3
槳,['tưởng'],jiang3
槿,['cẩn'],jin3
樁,['trang'],zhuang1
樊,['phiền'],fan2
樗,['sư'],chu1
樸,['phác'],pu3
橇,['khiêu'],qiao1
橈,['nhiêu'],rao2
橙,['tranh'],cheng2
橚,['túc'],su4
橢,['thoả'],tuo3
橧,['tăng'],zeng1
檐,['diêm'],yan2
檗,['bách'],bo4
檠,['kềnh'],qing2
櫂,['trạo'],zhao4
櫃,['quỹ'],gui4
櫟,['lịch'],li4
櫬,['sấn'],chen4
欬,['khái'],kai4
欸,['ải'],ai3
欹,['y'],yi1
欽,['khâm'],qin1
歇,['hiết'],xie1
歐,['âu'],ou1
歕,['phun'],pen1
歙,['thiệp'],she4
歸,['quy'],gui1
歹,['tồi'],dai3
歾,['một'],mo4
殍,['biễu'],piao3
殖,['thực'],zhi2
殢,['thế'],ti4
殺,['sát'],sha1
毆,['ẩu'],ou1
毋,['vô'],wu2
母,['mẫu'],mu3
每,['mỗi'],mei3
毒,['độc'],du2
毛,['mao'],mao2
毳,['thuế'],cui4
毹,['su'],shu1
氂,['mao'],mao2
民,['dân'],min2
氣,['khí'],qi4
氽,['thận'],tun3
氿,['quỹ'],gui3
汁,['trấp'],zhi1
汆,['thoản'],cuan1
汎,['phiếm'],fan4
汏,['đại'],da4
汕,['sán'],shan4
汙,['ô'],wu1
汚,['ô'],wu1
汞,['cống'],gong3
污,['ô'],wu1
汨,['mịch'],mi4
汩,['cốt'],gu3
汶,['vấn'],wen4
汽,['khí'],qi4
沂,['nghi'],yi2
沆,['hãng'],hang4
沉,['trầm'],chen2
沍,['hộ'],hu4
沏,['thế'],qi1
沕,['vật'],wu4
沖,['xung'],chong1
沙,['sa'],sha1
沬,['muội'],mei4
沮,['trở'],ju3
沸,['phí'],fei4
治,['trị'],zhi4
沽,['cô'],gu1
沾,['triêm'],zhan1
沿,['duyên'],yan2
泄,['tiết'],xie4
泑,['ửu'],you3
泔,['cam'],gan1
泙,['bình'],ping2
泛,['phiếm'],fan4
泫,['huyễn'],xuan4
泯,['mẫn'],min3
泱,['ương'],yang1
洗,['tẩy'],xi3
洚,['giáng'],jiang4
洞,['động'],dong4
洟,['thế'],ti4
洫,['hức'],xu4
洮,['thao'],tao2
洳,['như'],ru4
洵,['tuân'],xun2
洸,['quang'],guang1
活,['hoạt'],huo2
洼,['oa'],wa1
洽,"['hiệp', 'hợp']",qia4
派,['phái'],pai4
浣,['hoán'],huan4
浪,['lãng'],lang4
浸,['tẩm'],jin4
浹,['tiếp'],jia1
涇,['kinh'],jing1
涎,['tiên'],xian2
涑,['tốc'],su4
涴,['ngoạ'],wo4
涵,['hàm'],han2
淌,['thảng'],tang3
淖,['náo'],nao4
淚,['lệ'],lei4
淜,['bằng'],peng2
淠,['bái'],pi4
淡,['đạm'],dan4
淢,['vực'],yu4
淬,['thối'],cui4
淰,['niệm'],nian3
淹,['yêm'],yan1
清,['thanh'],qing1
渢,['phong'],feng1
渥,['ác'],wo4
渫,['tiết'],xie4
港,['cảng'],gang3
渰,['yểm'],yan3
渴,['khát'],ke3
渾,['hồn'],hun2
湃,['phái'],pai4
湔,['tiên'],jian1
湛,['trạm'],zhan4
湞,['trinh'],zhen1
湣,['mẫn'],min3
湩,['đống'],dong4
湫,"['tiểu', 'tưu']",jiao3
溈,['quy'],gui1
溉,['khái'],gai4
溎,['quế'],gui4
溥,['phổ'],pu3
溦,['vi'],wei1
溪,['khê'],xi1
溫,['ôn'],wen1
溱,['trăn'],zhen1
溲,['sưu'],sou1
滇,['điền'],dian1
滑,['hoạt'],hua2
滫,['tựu'],xiu3
滲,['sấm'],shen4
滿,['mãn'],man3
漆,['tất'],qi1
漎,['tùng'],cong2
漏,"['lậu', 'lộ']",lou4
漫,['mạn'],man4
漬,['tý'],zi4
漯,['tháp'],ta4
漱,['súc'],shu4
潄,['súc'],shu4
潏,['quất'],jue2
潘,['phan'],pan1
潢,['hoàng'],huang2
潭,['đàm'],tan2
澆,['kiêu'],jiao1
澇,['lạo'],lao4
澌,['tê'],si1
澍,['thụ'],shu4
澒,['hống'],hong4
澠,['thằng'],sheng2
澡,['táo'],zao3
澣,['hoán'],huan4
澤,['trạch'],ze2
澳,['úc'],ao4
澶,['thiền'],chan2
激,['kích'],ji1
濆,['phần'],fen2
濊,['uế'],hui4
濕,['thấp'],shi1
濘,['nính'],ning4
濞,['tị'],bi4
濡,['nhu'],ru2
濫,['lạm'],lan4
濺,['tiễn'],jian4
濼,['lạc'],luo4
瀁,['dạng'],yang4
瀅,['huỳnh'],ying2
瀆,['độc'],du2
瀋,['thẩm'],shen3
瀏,['lưu'],liu2
瀰,['my'],mi2
瀹,['thược'],yue4
瀼,['nhương'],rang2
灌,['quán'],guan4
灑,['sái'],sa3
灨,['cám'],gan4
灺,['tã'],xie4
炎,['viêm'],yan2
炤,['chiếu'],zhao4
烋,['hao'],xiao1
烜,['huyễn'],xuan3
烝,['chưng'],zheng1
焄,['huân'],xun1
焉,['yên'],yan1
焚,['phần'],fen2
焜,['côn'],kun1
無,['vô'],wu2
焦,['tiêu'],jiao1
焯,['trác'],chao1
煇,['huy'],hui1
煎,['chiên'],jian1
煖,['noãn'],nuan3
煨,['ôi'],wei1
煬,['dương'],yang2
煲,['bao'],bao1
熅,['uân'],yun4
熇,['khảo'],kao3
熙,['hy'],xi1
熲,['quýnh'],jiong3
燉,['đốn'],dun4
燋,['tiêu'],jiao1
燒,['thiêu'],shao1
燔,['phần'],fan2
燙,['năng'],tang4
營,"['doanh', 'dinh']",ying2
燠,['úc'],yu4
燾,['đảo'],dao4
燿,['diệu'],yao4
爆,['bộc'],bao4
爓,['diễm'],yan4
爭,['tranh'],zheng1
父,['phụ'],fu4
爾,['nhĩ'],er3
牠,['tha'],ta1
牢,['lao'],lao2
牽,['khiên'],qian1
牾,['ngỗ'],wu3
犄,['cơ'],ji1
犉,['nhuyên'],run2
犛,['ly'],li2
犧,['hy'],xi1
犴,['ngạn'],an4
犵,['ngật'],qi4
狃,['nữu'],niu3
狄,['địch'],di2
狠,['ngận'],hen3
狥,['tuẫn'],xun4
狸,['ly'],li2
猗,['y'],yi1
猥,['ổi'],wei3
猭,['duyên'],yuan2
猶,['do'],you2
獃,"['ngai', 'ngốc']",dai1
獏,['mô'],mo4
獝,['húc'],yu4
獠,['liêu'],liao2
獬,['giải'],xie4
獷,['quảng'],guang3
獻,['hiến'],xian4
玹,['huyền'],xuan2
玼,['thử'],ci3
珉,['mân'],min2
珵,['trình'],cheng2
珽,['thỉnh'],ting3
琅,['lang'],lang2
琊,['da'],ya2
琠,['điển'],dian3
琿,['hồn'],hun2
瑁,['mạo'],mao4
瑾,['cẩn'],jin3
璃,"['ly', 'lê']",li2
璩,['cừ'],qu2
瓌,['côi'],gui1
瓠,['hồ'],hu4
瓦,['ngoã'],wa3
瓻,['hy'],chi1
瓿,['bẫu'],bu4
甄,['chân'],zhen1
甇,['anh'],ying1
甌,['âu'],ou1
甏,['bạng'],beng4
甯,['ninh'],ning2
由,['do'],you2
甸,['điện'],dian4
甾,['tai'],zai1
畂,['mẫu'],mu3
畸,['ky'],ji1
畽,['thoản'],tuan3
疎,['sơ'],shu1
疏,"['sơ', 'sớ']",shu1
疐,['chí'],zhi4
疑,['nghi'],yi2
疘,['giang'],gang1
疵,['tỳ'],ci1
疿,['phi'],fei4
痄,['trá'],zha4
症,['chứng'],zheng4
痒,['dưỡng'],yang3
痕,['ngân'],hen2
痱,['phi'],fei4
痺,['tý'],bi4
痾,['kha'],ke1
瘃,['chúc'],zhu2
瘈,['khế'],ji4
瘕,['gia'],jia3
瘛,['xiết'],chi4
瘭,['tiêu'],biao1
瘻,['lũ'],lou4
癌,['ngai'],ai2
癟,['biết'],bie3
發,['phát'],fa1
百,['bách'],bai3
皋,['cao'],gao1
皓,['hạo'],hao4
皖,['hoãn'],wan3
皜,['hạo'],hao4
皿,['mãnh'],min3
盅,['chung'],zhong1
盡,['tận'],jin4
盩,['chu'],zhou1
盯,['đinh'],ding1
盲,['manh'],mang2
盹,['độn'],dun3
盼,['phán'],pan4
盾,['thuẫn'],dun4
眇,['miễu'],miao3
眙,['dị'],yi2
眭,['tuy'],sui1
眯,['mị'],mi2
眴,['huyễn'],xuan4
眼,['nhãn'],yan3
睆,['hoản'],huan3
睇,['đệ'],di4
睛,['tình'],jing1
睢,['tuy'],sui1
睪,['dịch'],yi4
睽,['khuê'],kui2
瞋,['sân'],chen1
瞑,['minh'],ming2
瞞,['man'],man2
瞟,['phiếu'],piao3
瞢,['măng'],meng2
瞷,['gián'],jian4
瞿,['cù'],qu2
矜,['căng'],jin1
矞,['duật'],yu4
矣,['hĩ'],yi3
知,['tri'],zhi1
矻,['khốt'],ku1
矼,['cang'],jiang1
砌,['thế'],qi4
研,['nghiên'],yan2
砝,['pháp'],fa3
砢,['loã'],luo3
砥,['để'],di3
硇,['nao'],nao2
硌,['các'],ge4
硍,['khẩn'],ken4
硼,['bằng'],peng2
碏,['thước'],que4
碣,['kiệt'],jie2
碻,['xác'],que4
碾,['niễn'],nian3
磅,['bảng'],bang4
磠,['lỗ'],lu3
磷,['lân'],lin2
磺,['huỳnh'],huang2
磻,['bàn'],pan2
磽,['khao'],qiao1
礆,['kiềm'],jian3
礌,['lôi'],lei2
礜,['dự'],yu4
礧,['lôi'],lei4
示,['thị'],shi4
礻,['thị'],shi4
祁,['kỳ'],qi2
祆,['hiên'],xian1
祈,['kỳ'],qi2
祝,['chúc'],zhu4
祢,['nỉ'],ni3
票,['phiếu'],piao4
祫,['hợp'],xia2
祼,['quán'],guan4
禧,['hỷ'],xi3
禰,['nễ'],mi2
离,[],chi1
秖,[],zhi1
移,['di'],yi2
稃,['phu'],fu1
稅,['thuế'],shui4
稙,['trị'],zhi2
稜,['lăng'],leng2
稞,['khoa'],ke1
稟,['bẩm'],bing3
稠,['trù'],chou2
稹,['chẩn'],zhen3
穇,['sam'],shan1
穈,['môn'],men2
穜,['đồng'],tong2
穰,['nhương'],rang2
突,['đột'],tu1
窒,['trất'],zhi4
窔,['yểu'],yao3
窕,['điệu'],tiao3
窖,['giáo'],jiao4
窶,['cũ'],ju4
竄,['thoán'],cuan4
竿,['can'],gan1
笮,['trách'],ze2
筍,['duẩn'],sun3
筒,['đồng'],tong3
筴,['sách'],ce4
箐,['thiến'],qing4
箸,['trợ'],zhu4
箾,['sóc'],shuo4
篦,['bí'],bi4
篩,['si'],shai1
簇,['thốc'],cu4
簉,[],zao4
簍,['lâu'],lou3
簫,['tiêu'],xiao1
簿,['bạ'],bu4
籍,['tịch'],ji2
籧,['cừ'],qu2
粢,['tư'],zi1
粰,['phu'],fu1
粳,['canh'],jing1
粹,['tuý'],cui4
糈,['tư'],xu3
糾,['củ'],jiu1
紅,['hồng'],hong2
紆,['hu'],yu1
紊,['vặn'],wen3
紋,['văn'],wen2
純,['thuần'],chun2
紕,['phi'],pi1
紲,['tiết'],xie4
紾,['chẩn'],zhen3
絀,['truất'],chu4
絞,['giảo'],jiao3
絣,['băng'],bing3
絮,['nhứ'],xu4
綅,['xâm'],qin1
綆,['cảnh'],geng3
綏,['tuy'],sui2
綢,['trù'],chou2
綮,['khể'],qi3
綳,['băng'],beng1
綸,['luân'],lun2
綺,"['ỷ', 'khỉ']",qi3
緄,['cổn'],gun3
緐,['phồn'],fan2
緡,['mân'],min2
緣,['duyên'],yuan2
緪,['căng'],geng1
緫,['tổng'],zong3
縐,['trứu'],zhou4
縛,"['buộc', 'phược']",fu4
縣,['huyện'],xian4
縰,['sỉ'],xi3
縱,"['tung', 'túng']",zong4
縴,['khiên'],qian4
縷,['lũ'],lu:3
縹,['phiêu'],piao3
總,['tổng'],zong3
縿,['sam'],shan1
繁,['phồn'],fan2
繄,['ê'],yi1
繅,['sào'],sao1
繐,['tuệ'],sui4
織,['chức'],zhi1
繢,['hội'],hui4
繩,"['thừng', 'thằng']",sheng2
繯,['hoán'],huan2
繳,['kiểu'],jiao3
纍,['luy'],lei2
纕,['tương'],xiang1
纛,['đạo'],dao4
缶,"['phữu', 'phẫu', 'phũ']",fou3
缸,['cang'],gang1
罘,['phù'],fu2
罝,['ta'],ju1
罫,['quải'],gua4
羃,['mạc'],mi4
羋,['mị'],mi3
羨,['tiện'],xian4
羸,['luy'],lei2
羹,['canh'],geng1
翀,['xung'],chong1
翏,['liệu'],liu4
翛,['dựu'],shu4
耆,['kỳ'],qi2
而,['nhi'],er2
耏,['nhi'],er2
耐,['nại'],nai4
耗,['hao'],hao4
耤,['tịch'],ji2
耿,['cảnh'],geng3
聞,['văn'],wen2
聶,['nhiếp'],nie4
職,['chức'],zhi2
聽,['thính'],ting1
肄,['dị'],yi4
肆,['tứ'],si4
肉,['nhục'],rou4
肛,['giang'],gang1
肜,['dung'],rong2
肩,['kiên'],jian1
肫,['truân'],zhun1
肭,['nạp'],na4
肸,['hật'],xi4
肺,['phế'],fei4
胔,['tý'],zi4
胗,['chân'],zhen1
胝,['chi'],zhi1
胯,['khoá'],kua4
胲,['hợi'],hai3
胳,['cách'],ge1
能,['năng'],neng2
脂,['chi'],zhi1
脘,['oản'],wan3
脞,['toả'],cuo3
脤,['thận'],shen4
脧,['tuyên'],juan1
脫,['thoát'],tuo1
脾,['tỳ'],pi2
腊,['tịch'],xi1
腌,['yêm'],yan1
腔,"['khoang', 'xoang']",qiang1
腱,['kiện'],jian4
膊,['bác'],bo2
膘,['phiêu'],biao1
膜,"['mạc', 'màng']",mo2
膞,[],zhuan1
膴,['hô'],hu1
膻,['thiên'],shan1
臂,['tý'],bi4
臃,['ung'],yong1
臑,['nạo'],nao4
臕,['phiêu'],biao1
臚,['lư'],lu2
臢,['trâm'],za1
臨,['lâm'],lin2
臺,['đài'],tai2
臾,['du'],yu2
舖,['phố'],pu4
艘,['sưu'],sou1
艴,['phật'],fu2
艽,['giao'],jiao1
芋,"['dụ', 'vu']",yu4
芘,['tý'],pi2
芚,['đồn'],tun2
芧,['tự'],xu4
芪,['kỳ'],qi2
芬,"['phân', 'phần']",fen1
芼,['mạo'],mao4
苑,['uyển'],yuan4
苛,['hà'],ke1
若,['nhược'],ruo4
苦,['khổ'],ku3
苧,['trữ'],zhu4
苫,['thiêm'],shan1
苴,['tư'],ju1
苹,['bình'],ping2
茀,['phất'],fu2
茇,['bạt'],ba2
茍,['cấp'],ji2
茗,['mính'],ming2
茝,['sải'],chai3
茭,['giao'],jiao1
茲,['tư'],zi1
茸,['nhung'],rong2
荈,['suyễn'],chuan3
荼,['đồ'],tu2
莆,['bồ'],pu2
莉,['lị'],li4
莠,['dửu'],you3
莨,['lang'],lang4
莫,['mạc'],mo4
菟,['thỏ'],tu4
菩,['bồ'],pu2
菫,['cận'],jin3
菴,['am'],an1
菹,['thư'],zu1
菽,['thục'],shu1
萁,['ky'],qi2
萆,['tỳ'],bi4
萎,['uỷ'],wei3
萑,['hoàn'],huan2
葉,['diệp'],ye4
葑,['phong'],feng1
葚,['thậm'],shen4
葭,['gia'],jia1
葯,['dược'],yao4
蒡,['bảng'],bang4
蒲,['bồ'],pu2
蒼,['thương'],cang1
蓁,['trăn'],zhen1
蓊,['ống'],weng3
蓑,['thoa'],suo1
蓧,['điệu'],diao4
蔔,['bặc'],bo5
蔘,['sâm'],shen1
蔞,['lâu'],lou2
蔟,['thốc'],cu4
蔡,['thái'],cai4
蔣,['tưởng'],jiang3
蔭,['ấm'],yin4
蔽,['tế'],bi4
蕁,['kiền'],qian2
蕈,['tẩm'],xun4
蕊,['nhuỵ'],rui3
蕘,['nhiêu'],rao2
蕝,['tuyệt'],jue2
蕞,['tối'],zui4
蕢,['quỹ'],kui4
蕩,['đãng'],dang4
蕹,['ung'],weng4
蕻,['hống'],hong4
薀,['uẩn'],yun4
薇,['vy'],wei1
薔,['tường'],qiang2
薖,['khoa'],ke1
薜,['bệ'],bi4
薧,['khảo'],kao3
薴,['ninh'],ning2
藐,['miểu'],miao3
藨,['biêu'],biao1
藩,['phiên'],fan1
蘄,['kỳ'],qi2
蘇,['tô'],su1
蘊,['uẩn'],yun4
蘗,['nghiệt'],nie4
蘝,['liễm'],lian3
蘞,['liễm'],lian3
蘢,['long'],long2
蘤,['hoa'],hua1
蘧,['cừ'],qu2
虒,['ty'],si1
虫,['trùng'],chong2
虷,['can'],gan1
虹,['hồng'],hong2
蚍,['tỳ'],pi2
蚖,"['ngoan', 'nguyên']",yuan2
蚦,['nhiêm'],ran2
蚰,['du'],you2
蚳,['trì'],chi2
蛇,['xà'],she2
蛘,['dạng'],yang2
蛞,['khoát'],kuo4
蛩,['cung'],qiong2
蛾,['nga'],e2
蜎,['quyên'],yuan1
蜒,['diên'],yan2
蜚,['phỉ'],fei3
蜮,['vực'],yu4
蜻,['thanh'],qing1
蝎,['hiết'],xie1
蝙,"['biên', 'biển']",bian1
蝤,['tù'],qiu2
蝥,['mâu'],mao2
蝸,['oa'],wo1
螣,['đằng'],teng2
蟄,['trập'],zhe2
蟆,['mô'],ma2
蟒,['mãng'],mang3
蟠,['bàn'],pan2
蟣,['kỷ'],ji3
蟬,['thiền'],chan2
蟻,['nghĩ'],yi3
蠃,['loả'],luo3
蠕,['nhu'],ru2
蠖,['hoạch'],huo4
蠙,['tân'],bin1
蠰,[],shang4
蠼,['quặc'],qu2
衍,['diễn'],yan3
衎,['khản'],kan4
衙,['nha'],ya2
衷,['trung'],zhong1
衿,['câm'],jin1
袂,['mệ'],mei4
袗,['chẩn'],zhen3
袚,['phất'],fu2
被,['bị'],bei4
袷,['giáp'],jia2
裒,['bầu'],pou2
裯,['trù'],chou2
裰,"['xuyết', 'chuyết']",duo1
裴,['bùi'],pei2
裸,"['loã', 'khoả']",luo3
裾,['cư'],ju1
褊,['biển'],bian3
褎,['tụ'],xiu4
褏,['tụ'],xiu4
褐,['hạt'],he4
褻,['tiết'],xie4
襃,['bao'],bao1
襆,['phộc'],fu2
襍,['tạp'],za2
襏,['bát'],bo2
襝,['liễm'],lian3
襶,['đái'],dai4
覘,['chiêm'],chan1
覚,['giác'],jue2
覥,['điễn'],tian3
覲,['cận'],jin4
觖,['quyết'],jue2
觭,['cơ'],ji1
觳,['hộc'],hu2
觶,['chí'],zhi4
言,['ngôn'],yan2
訏,['hu'],xu1
訐,['kiết'],jie2
訑,['di'],yi2
訢,['hân'],xin1
許,['hứa'],xu3
詒,['di'],yi2
詘,['truất'],qu1
詡,['hủ'],xu3
詳,['tường'],xiang2
詶,['thù'],chou2
詹,['chiêm'],zhan1
説,['thuyết'],shuo1
諄,['truân'],zhun1
請,['thỉnh'],qing3
諍,['tránh'],zheng4
諒,['lượng'],liang4
諕,['hào'],hao2
諦,['đế'],di4
諶,['kham'],chen2
諸,"['chư', 'gia']",zhu1
謅,['sưu'],zhou1
謙,['khiêm'],qian1
謷,['ngao'],ao2
譖,['trấm'],zen4
譹,"['gào', 'hào']",hao2
讖,['sấm'],chen4
讙,['hoan'],huan1
谷,['cốc'],gu3
谿,['khê'],xi1
豚,['đồn'],tun2
豫,['dự'],yu4
貆,['hoan'],huan2
貌,['mạo'],mao4
貍,['ly'],li2
貘,['mạc'],mo4
貟,['viên'],yuan2
貤,['di'],yi2
貫,['quán'],guan4
責,['trách'],ze2
貸,['thải'],dai4
費,['phí'],fei4
賃,"['lẫm', 'nhẫm']",lin4
賓,['tân'],bin1
質,['chất'],zhi4
贄,['chí'],zhi4
贑,['cám'],gan4
贛,['cám'],gan4
越,['việt'],yue4
趣,['thú'],qu4
趨,['xu'],qu1
趫,['kiều'],qiao2
趵,['báo'],bao4
趹,['quyết'],jue2
趼,['kiển'],jian3
趿,['táp'],ta1
跁,['bả'],pa2
跌,"['trượt', 'điệt']",die1
跐,['thử'],ci3
跕,['điệt'],die2
跖,['chích'],zhi2
跛,['bả'],bo3
跣,['tiển'],xian3
跩,[],zhuai3
跫,['cung'],qiong2
路,['lộ'],lu4
跳,['khiêu'],tiao4
踆,['thuân'],qun1
踔,['xước'],chuo1
踝,"['hoã', 'khoả']",huai2
踣,['bặc'],bo2
踦,['kỷ'],ji3
踧,['túc'],cu4
踩,['thải'],cai3
踶,['đệ'],di4
踹,['soại'],chuai4
踼,['thảng'],tang2
蹅,['tra'],cha3
蹇,['kiển'],jian3
蹉,['tha'],cuo1
蹜,['súc'],suo1
蹢,['đích'],di2
蹣,['bàn'],pan2
蹬,['đặng'],deng1
蹲,['tồn'],dun1
蹴,['xúc'],cu4
蹵,['xúc'],cu4
蹺,['khiêu'],qiao1
蹻,['khiêu'],qiao1
蹼,['phốc'],pu3
躅,['trục'],zhu2
躇,['trừ'],chu2
躍,['dược'],yue4
躒,['lịch'],li4
躓,['chí'],zhi4
身,['thân'],shen1
軒,['hiên'],xuan1
軥,['cù'],qu2
軺,['diêu'],yao2
軼,['dật'],yi4
軿,['bình'],ping2
較,['giảo'],jiao4
輅,['lộ'],lu4
輕,['khinh'],qing1
輜,['truy'],zi1
輠,['quả'],guo3
輸,"['thâu', 'thua']",shu1
輼,['uân'],wen1
輾,['triển'],zhan3
轀,['uân'],wen1
轔,['lân'],lin2
辨,['biện'],bian4
辯,['biện'],bian4
迋,['vượng'],wang4
迎,['nghênh'],ying2
近,['cận'],jin4
迦,"['ca', 'già']",jia1
迭,['điệt'],die2
迸,['bính'],beng4
适,['quát'],kuo4
這,['giá'],zhe4
造,['tạo'],zao4
逢,['phùng'],feng2
連,['liên'],lian2
逯,['lộc'],lu4
逴,['trác'],chuo4
逾,['du'],yu2
遁,['độn'],dun4
遒,['tù'],qiu2
道,['đạo'],dao4
違,['vi'],wei2
遛,['lưu'],liu4
遞,['đệ'],di4
遣,['khiển'],qian3
適,['thích'],shi4
遰,['đệ'],di4
遲,['trì'],chi2
遴,['lân'],lin2
選,['tuyển'],xuan3
遺,['di'],yi2
遻,['ngộ'],wu4
邡,['phương'],fang1
邪,['tà'],xie2
邳,['phi'],pi1
郅,['chất'],zhi4
郇,['tuân'],xun2
郗,['si'],chi1
部,['bộ'],bu4
郿,['my'],mei2
鄉,['hương'],xiang1
鄕,['hương'],xiang1
鄘,['dung'],yong1
鄚,['mạc'],mo4
鄣,['chương'],zhang1
鄫,['tằng'],zeng1
鄹,['châu'],zou1
酇,['tán'],zan4
酈,['lịch'],li4
酵,['diếu'],jiao4
醍,['đề'],ti2
醒,['tỉnh'],xing3
釃,['si'],shi1
釋,['thích'],shi4
釐,['ly'],li2
釤,['sam'],shan1
釬,['hạn'],han4
釭,['cang'],gang1
釵,['thoa'],chai1
鈉,['nột'],na4
鈔,['sao'],chao1
鈸,['bạt'],bo2
鈾,['do'],you2
鉆,[],zhen1
鉏,['sừ'],chu2
鉛,['duyên'],qian1
鉞,['việt'],yue4
銳,['nhuệ'],rui4
鋁,['lữ'],lu:3
鋅,['tân'],xin1
鋙,['ngô'],wu2
鋟,['tẩm'],qin2
鋭,['nhuệ'],rui4
錏,['á'],ya4
錞,['thuần'],chun2
錡,['kỹ'],qi2
錢,['tiền'],qian2
錤,['cơ'],ji1
錯,['thác'],cuo4
鍇,['khải'],kai3
鍤,['tráp'],cha1
鍱,['diệp'],ye4
鍼,['châm'],zhen1
鎊,['bảng'],bang4
鎗,['thương'],qiang1
鎞,['bề'],bi4
鎦,['lưu'],liu2
鎩,['sát'],sha1
鏇,['tuyền'],xuan4
鏨,['chạm'],zan4
鐃,['nao'],nao2
鐏,['tỗn'],zun1
鐓,['đôn'],dun1
鐙,['đặng'],deng4
鐻,['cự'],ju4
鑰,['thược'],yue4
鑲,['tương'],xiang1
鑿,['tạc'],zao2
閌,['khang'],kang1
閘,['trập'],zha2
閻,['diêm'],yan2
闇,['ám'],an4
闓,['khải'],kai3
闞,['khám'],kan4
阤,['đà'],tuo2
阨,['ách'],e4
阬,['khanh'],keng1
阽,['điếm'],dian4
陏,['tuỳ'],sui2
陘,['hình'],xing2
陜,['hẹp'],xia2
陝,['thiểm'],shan3
陰,['âm'],yin1
陳,['trần'],chen2
陴,['bì'],pi2
陶,['đào'],tao2
陼,['chử'],zhu3
隃,['du'],yu2
隊,['đội'],dui4
隋,['tuỳ'],sui2
隕,['vẫn'],yun3
隘,['ải'],ai4
障,['chướng'],zhang4
隧,['toại'],sui4
隩,['úc'],yu4
雅,['nhã'],ya3
雟,['tuỷ'],sui2
離,['ly'],li2
雩,['vu'],yu2
雷,['lôi'],lei2
雹,['bạc'],bao2
需,['nhu'],xu1
霅,['tráp'],zha2
震,['chấn'],zhen4
霍,['hoắc'],huo4
霸,['bá'],ba4
霾,['mai'],mai2
靖,['tĩnh'],jing4
非,['phi'],fei1
面,['diện'],mian4
靦,['điển'],mian3
靨,['yếp'],ye4
革,['cách'],ge2
靶,['bả'],ba3
鞄,['bào'],pao2
鞘,['tiếu'],qiao4
鞞,['bỉnh'],bing3
鞨,['hạt'],he2
鞴,['bị'],bei4
韋,['vi'],wei2
韘,['nhiếp'],she4
韛,['bại'],bai4
韜,['thao'],tao1
韞,['uẩn'],yun4
韡,['vĩ'],wei3
韤,['vạt'],wa4
音,['âm'],yin1
頌,['tụng'],song4
頎,['kỳ'],qi2
頏,['hàng'],hang2
頒,['ban'],ban1
頗,['pha'],po1
頜,['hàm'],he2
頫,['phủ'],fu3
顆,['khoa'],ke1
題,['đề'],ti2
顣,[],qi1
顫,['chiến'],chan4
風,['phong'],feng1
飴,['di'],yi2
餃,['cảo'],jiao3
養,['dưỡng'],yang3
餧,['uỷ'],wei4
餲,['ế'],he2
餳,"['hình', 'đường']",xing2
饌,['soạn'],zhuan4
饎,['xí'],chi4
饑,['cơ'],ji1
馘,['quắc'],guo2
馥,['phức'],fu4
馨,['hinh'],xin1
馴,['tuần'],xun4
駃,['khoái'],kuai4
駔,['tảng'],zang3
駘,['đài'],tai2
騃,['ngai'],ai2
騤,['quỳ'],kui2
騧,['qua'],gua1
騫,['khiên'],qian1
驁,['ngạo'],ao4
驃,"['phiếu', 'phiêu']",piao4
驪,['ly'],li2
骽,['thối'],tui3
髁,['khoa'],ke1
髒,['tang'],zang1
髟,['tiêu'],biao1
髮,['phát'],fa4
髴,['phất'],fu2
髻,['kết'],ji4
鬃,['tông'],zong1
鬉,['tông'],zong1
鬋,['tiên'],jian1
鬖,['tam'],san1
鬨,['hống'],hong4
鬫,['khám'],kan4
鬵,['tiềm'],qian2
鬻,['dục'],yu4
魄,['phách'],po4
魆,['huất'],xu4
魏,['nguỵ'],wei4
魾,['phi'],pi1
鮁,['bát'],ba4
鮐,['thai'],tai2
鮑,['bào'],bao4
鮓,['trả'],zha3
鮨,['quỳ'],qi2
鮭,['khuê'],gui1
鯨,['kình'],jing1
鰥,['quan'],guan1
鱅,['dung'],yong1
鱒,['tôn'],zun1
鱓,['thiện'],shan4
鱺,['ly'],li2
鳴,['minh'],ming2
鴂,['quyết'],jue2
鴰,['quạ'],gua1
鶗,['đề'],ti2
鶻,['hoạt'],hu2
鷀,['tư'],ci2
鷂,['diêu'],yao4
鷞,['sương'],shuang1
鷸,['duật'],yu4
鸒,['dư'],yu2
鹹,['hàm'],xian2
鹽,['diêm'],yan2
麌,['ngu'],wu2
麕,['quân'],jun1
麽,['ma'],me5
黐,[],chi1
黨,['đảng'],dang3
黮,['đạm'],tan2
鼂,['trào'],chao2
齁,['hâu'],hou1
齊,['tề'],qi2
齎,['tê'],ji1
齚,['trách'],ze2
齜,['thử'],zi1
齟,['trở'],ju3
龍,['long'],long2
龕,['kham'],kan1
龡,['xuý'],chui4
宛,['uyên'],yuan1
尉,['uất'],yu4
無,['mô'],mo2
南,['nam'],na1
紅,['công'],gong1
若,['nhã'],re3
茲,['từ'],ci2
谷,['dục'],yu4
僥,['nghiêu'],yao2
行,['hạnh'],heng2
区,"['khu','âu']",
气,"['khí','khất']",
笔,"['bút']",
记,"['ký','kí']",
学,"['học']",
术,"['thuật','truật']",
忆,"['ức']",
钥,"['thược']",
证,"['chứng']",
时,"['thì','thời']",
间,"['gian','gián','dản','nhàn']",
邻,"['lân']",
钱,"['tiền','tiễn']",
车,"['xa']",
号,"['hiệu','hào']",
阶,"['giai']",
绒,"['nhung']",
错,"['thác','thố']",
尘,"['trần']",
电,"['điện']",
视,"['thị']",
画,"['hoạ','hoạch']",
猫,"['miêu']",
龙,"['long','lũng','sủng']",
虾,"['hà']",
锅,"['oa']",
场,"['trường','tràng']",
选,"['tuyển','tuyến']",
择,"['trạch']",
园,"['viên','ngoan']",
别,"['biệt']",
动,"['động']",
积,"['tích','tí']",
观,"['quan','quán']",
众,"['chúng']",
递,"['đệ','đái']",
级,"['cấp']",
乡,"['hương','hướng','hưởng']",
书,"['thư']",
绝,"['tuyệt']",
销,"['tiêu']",
员,"['viên','vân']",
轮,"['luân']",
镇,"['trấn']",
养,"['dưỡng','dạng','dượng','dường']",
领,"['lĩnh','lãnh']",
导,"['đạo']",
费,"['phí','bí','bỉ']",
壮,"['tráng','trang']",
锁,"['toả']",
马,"['mã']",
输,"['thâu','du','thú']",
练,"['luyện']",
犊,"['độc']",
墙,"['tường']",
评,"['bình']",
